comparison_snapshot_date,job_id,company_name,job_title,job_url,location,remote,department,category,source_url
2026-05-23,00d78fcc0eac,Saab Group,UX-designer till Command & Control ﻿,https://www.saab.com/career/job-opportunities/ux-designer-till-command--control,"East Syracuse, NY, United States",Not specified,,Space & Defense,https://www.saab.com/career/job-opportunities
2026-05-23,00ed274bb1e2,Saab Group,IT Infrastructure Lead ﻿,https://www.saab.com/career/job-opportunities/it-infrastructure-lead,"East Syracuse, NY, United States",Not specified,,Space & Defense,https://www.saab.com/career/job-opportunities
2026-05-23,020e95e33db8,Mini Circuits Brooklyn,Quality Engineer Quality Assurance,https://jobs.jobvite.com/mini-circuits/job/o3mxxfwd,"Hialeah, Florida",Not specified,,Core Space,https://jobs.jobvite.com/mini-circuits/jobs/positions
2026-05-23,03fa42bf2c06,Saab Group,Facilities Manager ﻿,https://www.saab.com/career/job-opportunities/facilities-manager,"East Syracuse, NY, United States",Not specified,,Space & Defense,https://www.saab.com/career/job-opportunities
2026-05-23,04694cd4a63c,Saab Group,Senior Software Engineer ﻿,https://www.saab.com/career/job-opportunities/senior-software-engineer1,"East Syracuse, NY, United States",Not specified,,Space & Defense,https://www.saab.com/career/job-opportunities
2026-05-23,067b091cc2b9,L3Harris,"Scientist, Chief Engineer - Mission Payloads (Optical Systems) : Sign-on bonus ($50K max)",https://careers.l3harris.com/en/job/wilmington/scientist-chief-engineer-mission-payloads-optical-systems-sign-on-bonus-50k-max/4832/95388160880,"Greece, NY, United States",Not specified,,Space & Defense,https://careers.l3harris.com/en
2026-05-23,076947852628,Boeing,Mid-Level Chemical Process Specialist,https://jobs.boeing.com/job/wichita/mid-level-chemical-process-specialist/185/95395457200,"Wichita, Kansas, United States",Not specified,,Aerospace,https://jobs.boeing.com/
2026-05-23,07af5a3e1843,Saab Group,Manager - Integrated Product Support ﻿,https://www.saab.com/career/job-opportunities/manager---integrated-product-support1,"East Syracuse, NY, United States",Not specified,,Space & Defense,https://www.saab.com/career/job-opportunities
2026-05-23,084370552049,Mini Circuits Brooklyn,Operations Manager - Hi-Rel Manufacturing,https://jobs.jobvite.com/mini-circuits/job/o7h3zfwK,"Brooklyn, New York",Not specified,,Core Space,https://jobs.jobvite.com/mini-circuits/jobs/positions
2026-05-23,086c846569a9,Saab Group,Nc Operator Med Inriktning Mot Detaljbearbetning Inom Flyg Och Forsvarsindustri,https://www.saab.com/career/job-opportunities/nc-operator-med-inriktning-mot-detaljbearbetning-inom-flyg--och-forsvarsindustri,"East Syracuse, NY, United States",Not specified,,Space & Defense,https://www.saab.com/career/job-opportunities
2026-05-23,08ad3c8ee6b6,Saab Group,Software Engineer ﻿,https://www.saab.com/career/job-opportunities/software-engineer2,"East Syracuse, NY, United States",Not specified,,Space & Defense,https://www.saab.com/career/job-opportunities
2026-05-23,08ccfbfe34bf,Saab Group,System Safety Engineer ﻿,https://www.saab.com/career/job-opportunities/system-safety-engineer,"East Syracuse, NY, United States",Not specified,,Space & Defense,https://www.saab.com/career/job-opportunities
2026-05-23,0ba601ecaeef,Saab Group,Experienced Systems Engineer in Fighter EW ﻿,https://www.saab.com/career/job-opportunities/experienced-systems-engineer-in-fighter-ew,"East Syracuse, NY, United States",Not specified,,Space & Defense,https://www.saab.com/career/job-opportunities
2026-05-23,0ee2ca8bd9be,Ausco Inc.,Design Engineer Learn More,https://auscoinc.com/career/design-engineer,"Farmingdale, NY, United States",Not specified,,Aerospace,https://auscoinc.com/career
2026-05-23,1155eed651d3,Saab Group,Systems Engineer - Radar ﻿,https://www.saab.com/career/job-opportunities/systems-engineer---radar,"East Syracuse, NY, United States",Not specified,,Space & Defense,https://www.saab.com/career/job-opportunities
2026-05-23,12fadb645b4f,Ausco Inc.,IT Systems Manager Learn More,https://auscoinc.com/career/it-systems-manager,"Farmingdale, NY, United States",Not specified,,Aerospace,https://auscoinc.com/career
2026-05-23,1347316f4271,Saab Group,Field Service Technician (m/w/d) im Customer Service ﻿,https://www.saab.com/career/job-opportunities/field-service-technician-mwd-im-customer-service,"East Syracuse, NY, United States",Not specified,,Space & Defense,https://www.saab.com/career/job-opportunities
2026-05-23,1350b47aaccb,Saab Group,Business Analyst - ERP Applications ﻿,https://www.saab.com/career/job-opportunities/business-analyst---erp-applications1,"East Syracuse, NY, United States",Not specified,,Space & Defense,https://www.saab.com/career/job-opportunities
2026-05-23,13c06b7a9963,L3Harris,Engineering Technician C,https://careers.l3harris.com/en/job/san-diego/engineering-technician-c/4832/95388160304,"San Diego, CA",Not specified,,Space & Defense,https://careers.l3harris.com/en/search-jobs
2026-05-23,1567b29e1a29,Vishay Americas,Administrative Assistant Receptionist,https://jobs.vishay.com/jobs/administrative-assistant-receptionist,"Niagara Falls, NY, United States",Not specified,,Core Space,https://jobs.vishay.com/jobs
2026-05-23,156a02dabeb7,Mini Circuits Brooklyn,Development Test Engineer II Engineering,https://jobs.jobvite.com/mini-circuits/job/ofhVzfwK,"Brooklyn, New York",Not specified,,Core Space,https://jobs.jobvite.com/mini-circuits/jobs/positions
2026-05-23,156eb3a12564,Saab Group,"Director, Software Engineering ﻿",https://www.saab.com/career/job-opportunities/director-software-engineering,"East Syracuse, NY, United States",Not specified,,Space & Defense,https://www.saab.com/career/job-opportunities
2026-05-23,1668230d313a,L3Harris,Flight Sciences Technical Program Lead,https://careers.l3harris.com/en/job/greenville/flight-sciences-technical-program-lead/4832/95388160800,"Greenville, Texas, Plano, Texas, Rockwall, Texas",Not specified,,Space & Defense,https://careers.l3harris.com/en
2026-05-23,16bb38368b28,Mini Circuits Brooklyn,Engineering Manager Engineering,https://jobs.jobvite.com/mini-circuits/job/o856zfwC,"Melville, New York",Not specified,,Core Space,https://jobs.jobvite.com/mini-circuits/jobs/positions
2026-05-23,199c8c45bd7e,ENSCO Avionics,"Director of Human Resources Operations Vienna, Virginia, United States",https://job-boards.greenhouse.io/ensco/jobs/5216142008,"Vienna, Virginia, United States",Not specified,,Aerospace,https://job-boards.greenhouse.io/ensco
2026-05-23,1a17b8e07268,Mini Circuits Brooklyn,SAP Production Planning (PP) Solution Specialist Information Technology,https://jobs.jobvite.com/mini-circuits/job/oaPLvfwZ,"Melville, New York",Not specified,,Core Space,https://jobs.jobvite.com/mini-circuits/jobs/positions
2026-05-23,1ac2d26e45c6,Saab Group,AI Software Engineer ﻿,https://www.saab.com/career/job-opportunities/ai-software-engineer1,"East Syracuse, NY, United States",Not specified,,Space & Defense,https://www.saab.com/career/job-opportunities
2026-05-23,1b9e75463243,Saab Group,Manufacturing Engineer ﻿,https://www.saab.com/career/job-opportunities/manufacturing-engineer,"East Syracuse, NY, United States",Not specified,,Space & Defense,https://www.saab.com/career/job-opportunities
2026-05-23,1c302a0fc8d4,Vishay Americas,Area Sales Manager,https://jobs.vishay.com/jobs/area-sales-manager,"Niagara Falls, NY, United States",Not specified,,Core Space,https://jobs.vishay.com/jobs
2026-05-23,1cc1bdd26bbb,Saab Group,Technical support Engineer ﻿,https://www.saab.com/career/job-opportunities/technical-support-engineer,"East Syracuse, NY, United States",Not specified,,Space & Defense,https://www.saab.com/career/job-opportunities
2026-05-23,1f3e33b49ec2,Saab Group,Field Services Engineer ﻿,https://www.saab.com/career/job-opportunities/field-services-engineer1,"East Syracuse, NY, United States",Not specified,,Space & Defense,https://www.saab.com/career/job-opportunities
2026-05-23,2058820afcb1,Saab Group,Senior AI Engineers ﻿,https://www.saab.com/career/job-opportunities/senior-ai-engineers1,"East Syracuse, NY, United States",Not specified,,Space & Defense,https://www.saab.com/career/job-opportunities
2026-05-23,21e82f781850,Saab Group,Senior Electronics Engineer ﻿,https://www.saab.com/career/job-opportunities/senior-electronics-engineer,"East Syracuse, NY, United States",Not specified,,Space & Defense,https://www.saab.com/career/job-opportunities
2026-05-23,254a93324b5f,Saab Group,"Manager, Quality ﻿",https://www.saab.com/career/job-opportunities/manager-quality,"East Syracuse, NY, United States",Not specified,,Space & Defense,https://www.saab.com/career/job-opportunities
2026-05-23,255db2e3e915,Ombra,Cyber Security Intern,https://ombra.us/careers/cyber-secuirty-intern,"Potsdam, NY, United States",Not specified,,Space & Defense,https://ombra.us/careers
2026-05-23,27f67b708b53,Saab Group,Systems Engineer (m/w/d) ComInt und C-ESM ﻿,https://www.saab.com/career/job-opportunities/systems-engineer-mwd-comint-und-c-esm,"East Syracuse, NY, United States",Not specified,,Space & Defense,https://www.saab.com/career/job-opportunities
2026-05-23,27fdcca100bf,Saab Group,Manager After Sales inom Product Operations Air ﻿,https://www.saab.com/career/job-opportunities/manager-after-sales-inom-product-operations-air1,"East Syracuse, NY, United States",Not specified,,Space & Defense,https://www.saab.com/career/job-opportunities
2026-05-23,2a5f0fb0b6e8,Saab Group,Senior Subcontracts Administrator ﻿,https://www.saab.com/career/job-opportunities/senior-subcontracts-administrator1,"East Syracuse, NY, United States",Not specified,,Space & Defense,https://www.saab.com/career/job-opportunities
2026-05-23,2b29aed2bbb1,Saab Group,Test Technician ﻿,https://www.saab.com/career/job-opportunities/test-technician,"East Syracuse, NY, United States",Not specified,,Space & Defense,https://www.saab.com/career/job-opportunities
2026-05-23,2bc2fda2a906,Saab Group,Senior Tooling Engineer ﻿,https://www.saab.com/career/job-opportunities/senior-tooling-engineer,"East Syracuse, NY, United States",Not specified,,Space & Defense,https://www.saab.com/career/job-opportunities
2026-05-23,2d6c901cac1a,Saab Group,ILS Engineer ﻿,https://www.saab.com/career/job-opportunities/ils-engineer,"East Syracuse, NY, United States",Not specified,,Space & Defense,https://www.saab.com/career/job-opportunities
2026-05-23,2d9e9ac4367e,Mini Circuits Brooklyn,Manufacturing Process Engineer II Manufacturing,https://jobs.jobvite.com/mini-circuits/job/o3f5zfwG,"Hialeah, Florida",Not specified,,Core Space,https://jobs.jobvite.com/mini-circuits/jobs/positions
2026-05-23,2f05f2ff4738,Saab Group,Systems Engineer - Advanced Electronic Warfare Systems ﻿,https://www.saab.com/career/job-opportunities/systems-engineer---advanced-electronic-warfare-systems,"East Syracuse, NY, United States",Not specified,,Space & Defense,https://www.saab.com/career/job-opportunities
2026-05-23,317d36e790f2,Ausco Inc.,East Coast Sales Manager Learn More,https://auscoinc.com/career/east-coast-sales-manager,"Farmingdale, NY, United States",Not specified,,Aerospace,https://auscoinc.com/career
2026-05-23,3364c0ac36b4,Saab Group,Lead Program Performance Management Analyst ﻿,https://www.saab.com/career/job-opportunities/lead-program-performance-management-analyst,"East Syracuse, NY, United States",Not specified,,Space & Defense,https://www.saab.com/career/job-opportunities
2026-05-23,344a3ec4d3db,Saab Group,Lead Supplier Program Manager ﻿,https://www.saab.com/career/job-opportunities/lead-supplier-program-manager1,"East Syracuse, NY, United States",Not specified,,Space & Defense,https://www.saab.com/career/job-opportunities
2026-05-23,34804b54b7c1,Mini Circuits Brooklyn,"Automation Systems Engineer II Full-Time Brooklyn, New York",https://jobs.jobvite.com/mini-circuits/job/oUNKyfwJ,"Brooklyn, New York",Not specified,,Core Space,https://jobs.jobvite.com/mini-circuits/jobs/positions
2026-05-23,34930b1a391e,Lockheed Martin,Learn how to spot fake profiles and verify Lockheed Martin recruiters.,https://www.lockheedmartin.com/en-us/careers/why-lm/recruitment-fraud.html,"Ballston Spa, NY, United States",Not specified,,Space & Defense,https://www.lockheedmartin.com/en-us/careers/index.html
2026-05-23,34c1f0dff89d,Saab Group,Cyberworthiness Engineer ﻿,https://www.saab.com/career/job-opportunities/cyberworthiness-engineer,"East Syracuse, NY, United States",Not specified,,Space & Defense,https://www.saab.com/career/job-opportunities
2026-05-23,34e365e67328,Saab Group,Software Applications Engineer ﻿,https://www.saab.com/career/job-opportunities/software-applications-engineer,"East Syracuse, NY, United States",Not specified,,Space & Defense,https://www.saab.com/career/job-opportunities
2026-05-23,377ed870c8bb,Saab Group,Test Leader Air Traffic Management Tower Systems ﻿,https://www.saab.com/career/job-opportunities/test-leader-air-traffic-management-tower-systems,"East Syracuse, NY, United States",Not specified,,Space & Defense,https://www.saab.com/career/job-opportunities
2026-05-23,37a7b55ec0a3,Saab Group,Senior project manager ﻿,https://www.saab.com/career/job-opportunities/senior-project-manager,"East Syracuse, NY, United States",Not specified,,Space & Defense,https://www.saab.com/career/job-opportunities
2026-05-23,37d22f603d7c,Saab Group,Associate IT Support Professional ﻿,https://www.saab.com/career/job-opportunities/associate-it-support-professional1,"East Syracuse, NY, United States",Not specified,,Space & Defense,https://www.saab.com/career/job-opportunities
2026-05-23,3993c869778b,Orbital Insight/Privateer,Mid-Level SecDevOps Engineer,https://www.privateer.com/jobs/mid-level-secdevops-engineer,"Manhattan, NY, United States",Not specified,,Core Space,https://www.privateer.com/careers
2026-05-23,3a14c13bbf48,Saab Group,Modification Engineer - Gripen ﻿,https://www.saab.com/career/job-opportunities/modification-engineer---gripen,"East Syracuse, NY, United States",Not specified,,Space & Defense,https://www.saab.com/career/job-opportunities
2026-05-23,3a3a122bab9f,Ombra,IT Professional Intern,https://ombra.us/careers/it-professional-intern,"Potsdam, NY, United States",Not specified,,Space & Defense,https://ombra.us/careers
2026-05-23,3a427c293c1a,Saab Group,Maintenance Production Manager for Ex-pat assignment UAE ﻿,https://www.saab.com/career/job-opportunities/maintenance-production-manager-for-ex-pat-assignment-uae,"East Syracuse, NY, United States",Not specified,,Space & Defense,https://www.saab.com/career/job-opportunities
2026-05-23,3a902081e976,Saab Group,Regional Marketing & Communications Manager Asia ﻿,https://www.saab.com/career/job-opportunities/regional-marketing--communications-manager-asia1,"East Syracuse, NY, United States",Not specified,,Space & Defense,https://www.saab.com/career/job-opportunities
2026-05-23,3b5826d22971,Saab Group,Site Technician ﻿,https://www.saab.com/career/job-opportunities/site-technician1,"East Syracuse, NY, United States",Not specified,,Space & Defense,https://www.saab.com/career/job-opportunities
2026-05-23,3cbcb6b3423f,Saab Group,Electro-Mechanical & Repairs Team Leader ﻿,https://www.saab.com/career/job-opportunities/electro-mechanical--repairs-team-leader,"East Syracuse, NY, United States",Not specified,,Space & Defense,https://www.saab.com/career/job-opportunities
2026-05-23,448cc88672c6,L3Harris,Engineering Technician B,https://careers.l3harris.com/en/job/ashburn/engineering-technician-b/4832/95388160384,"Ashburn, VA",Not specified,,Space & Defense,https://careers.l3harris.com/en/search-jobs
2026-05-23,44ea2dca9079,Saab Group,Lead Data Analyst ﻿,https://www.saab.com/career/job-opportunities/lead-data-analyst,"East Syracuse, NY, United States",Not specified,,Space & Defense,https://www.saab.com/career/job-opportunities
2026-05-23,45df8acf2d01,Mini Circuits Brooklyn,Level 2 Production Test Operator Manufacturing,https://jobs.jobvite.com/mini-circuits/job/ov8UzfwQ,"Brooklyn, New York",Not specified,,Core Space,https://jobs.jobvite.com/mini-circuits/jobs/positions
2026-05-23,467c7ee839b5,Saab Group,Project manager Missile Systems ﻿,https://www.saab.com/career/job-opportunities/project-manager-missile-systems,"East Syracuse, NY, United States",Not specified,,Space & Defense,https://www.saab.com/career/job-opportunities
2026-05-23,4682231c3ba6,Mini Circuits Brooklyn,SAP Finance (FICO) Solution Specialist Information Technology,https://jobs.jobvite.com/mini-circuits/job/o4t2zfwS,"Melville, New York",Not specified,,Core Space,https://jobs.jobvite.com/mini-circuits/jobs/positions
2026-05-23,47a610047b3c,Ausco Inc.,Quality Engineer Learn More,https://auscoinc.com/career/quality-engineer,"Farmingdale, NY, United States",Not specified,,Aerospace,https://auscoinc.com/career
2026-05-23,47cf79cf6192,Saab Group,Supply Chain Manager (m/w/d) ﻿,https://www.saab.com/career/job-opportunities/supply-chain-manager-mwd,"East Syracuse, NY, United States",Not specified,,Space & Defense,https://www.saab.com/career/job-opportunities
2026-05-23,494227a0e41e,Saab Group,Mechanical Team Leader ﻿,https://www.saab.com/career/job-opportunities/mechanical-team-leader,"East Syracuse, NY, United States",Not specified,,Space & Defense,https://www.saab.com/career/job-opportunities
2026-05-23,49a687d2b434,Saab Group,NC Programming and Manufacturing Engineer ﻿,https://www.saab.com/career/job-opportunities/nc-programming-and-manufacturing-engineer,"East Syracuse, NY, United States",Not specified,,Space & Defense,https://www.saab.com/career/job-opportunities
2026-05-23,49c225e529ed,Saab Group,Lead Field Implementation Manager ﻿,https://www.saab.com/career/job-opportunities/lead-field-implementation-manager,"East Syracuse, NY, United States",Not specified,,Space & Defense,https://www.saab.com/career/job-opportunities
2026-05-23,4a13cf781c61,Mini Circuits Brooklyn,RF Engineering Pipeline Program Engineering,https://jobs.jobvite.com/mini-circuits/job/oOYTzfwY,"Brooklyn, New York",Not specified,,Core Space,https://jobs.jobvite.com/mini-circuits/jobs/positions
2026-05-23,4c185d1073af,Saab Group,Quality Engineer ﻿,https://www.saab.com/career/job-opportunities/quality-engineer1,"East Syracuse, NY, United States",Not specified,,Space & Defense,https://www.saab.com/career/job-opportunities
2026-05-23,4c29916be056,L3Harris,Senior Associate Production Planning,https://careers.l3harris.com/en/job/palm-bay/senior-associate-production-planning/4832/95388160272,"Palm Bay, Brevard, FL",Not specified,,Space & Defense,https://careers.l3harris.com/en/search-jobs
2026-05-23,4d3e9beba3e4,Mini Circuits Brooklyn,Robotic Operations Specialist Other,https://jobs.jobvite.com/mini-circuits/job/o579AfwF,"Deer Park, New York",Not specified,,Core Space,https://jobs.jobvite.com/mini-circuits/jobs/positions
2026-05-23,4d45b9d576dc,Saab Group,Software Developer ﻿,https://www.saab.com/career/job-opportunities/software-developer1,"East Syracuse, NY, United States",Not specified,,Space & Defense,https://www.saab.com/career/job-opportunities
2026-05-23,4e58d076c892,Saab Group,Treasury Risk Management Analyst (student position) ﻿,https://www.saab.com/career/job-opportunities/treasury-risk-management-analyst-student-position,"East Syracuse, NY, United States",Not specified,,Space & Defense,https://www.saab.com/career/job-opportunities
2026-05-23,4fc3975f3eae,Saab Group,Security specialist ﻿,https://www.saab.com/career/job-opportunities/security-specialist,"East Syracuse, NY, United States",Not specified,,Space & Defense,https://www.saab.com/career/job-opportunities
2026-05-23,5009bc17aee6,Saab Group,Sustainment Post-Delivery Program Manager ﻿,https://www.saab.com/career/job-opportunities/sustainment-post-delivery-program-manager,"East Syracuse, NY, United States",Not specified,,Space & Defense,https://www.saab.com/career/job-opportunities
2026-05-23,5154377fcf7e,Saab Group,Systems Engineers - Defence Industry ﻿,https://www.saab.com/career/job-opportunities/systems-engineers---defence-industry,"East Syracuse, NY, United States",Not specified,,Space & Defense,https://www.saab.com/career/job-opportunities
2026-05-23,536347e3eca9,Saab Group,IT Engineer (m/w/d) ﻿,https://www.saab.com/career/job-opportunities/it-engineer-mwd,"East Syracuse, NY, United States",Not specified,,Space & Defense,https://www.saab.com/career/job-opportunities
2026-05-23,566ab8a7c6c4,Saab Group,AI Solution Architect in Digital Solutions ﻿,https://www.saab.com/career/job-opportunities/ai-solution-architect-in-digital-solutions,"East Syracuse, NY, United States",Not specified,,Space & Defense,https://www.saab.com/career/job-opportunities
2026-05-23,569d3126ad22,Saab Group,Manager High Frequency Function Software ﻿,https://www.saab.com/career/job-opportunities/manager-high-frequency-function-software,"East Syracuse, NY, United States",Not specified,,Space & Defense,https://www.saab.com/career/job-opportunities
2026-05-23,56ecfe531040,Saab Group,Manager Sensor Runtime ﻿,https://www.saab.com/career/job-opportunities/manager-sensor-runtime,"East Syracuse, NY, United States",Not specified,,Space & Defense,https://www.saab.com/career/job-opportunities
2026-05-23,582521539066,Saab Group,System engineer ﻿,https://www.saab.com/career/job-opportunities/system-engineer,"East Syracuse, NY, United States",Not specified,,Space & Defense,https://www.saab.com/career/job-opportunities
2026-05-23,5826251ab878,Saab Group,Principal Project Engineer ﻿,https://www.saab.com/career/job-opportunities/principal-project-engineer,"East Syracuse, NY, United States",Not specified,,Space & Defense,https://www.saab.com/career/job-opportunities
2026-05-23,58e757adcd5c,Saab Group,Subproject manager ﻿,https://www.saab.com/career/job-opportunities/subproject-manager,"East Syracuse, NY, United States",Not specified,,Space & Defense,https://www.saab.com/career/job-opportunities
2026-05-23,5a7f0870d618,Saab Group,IT Architect (m/w/d) ﻿,https://www.saab.com/career/job-opportunities/it-architect-mwd1,"East Syracuse, NY, United States",Not specified,,Space & Defense,https://www.saab.com/career/job-opportunities
2026-05-23,5b9ecf1f1412,Saab Group,Senior Contracts Manager ﻿,https://www.saab.com/career/job-opportunities/senior-contracts-manager,"East Syracuse, NY, United States",Not specified,,Space & Defense,https://www.saab.com/career/job-opportunities
2026-05-23,5d8eca19c3d1,Saab Group,Cloud DevOps Engineer (m/w/d) ﻿,https://www.saab.com/career/job-opportunities/cloud-devops-engineer-mwd,"East Syracuse, NY, United States",Not specified,,Space & Defense,https://www.saab.com/career/job-opportunities
2026-05-23,5d9e4b6b0279,Ombra,Software Engineering Intern,https://ombra.us/careers/software-engineering-intern,"Potsdam, NY, United States",Not specified,,Space & Defense,https://ombra.us/careers
2026-05-23,5ecc9fbebe1e,Mini Circuits Brooklyn,Sales Operations Director Sales,https://jobs.jobvite.com/mini-circuits/job/oYvNzfwz,"Melville, New York",Not specified,,Core Space,https://jobs.jobvite.com/mini-circuits/jobs/positions
2026-05-23,5f2a3246e9e4,Saab Group,Capture Director ﻿,https://www.saab.com/career/job-opportunities/capture-director,"East Syracuse, NY, United States",Not specified,,Space & Defense,https://www.saab.com/career/job-opportunities
2026-05-23,61734fef3dec,Mini Circuits Brooklyn,PCB Designer II Engineering,https://jobs.jobvite.com/mini-circuits/job/oNn9AfwD,"Brooklyn, New York",Not specified,,Core Space,https://jobs.jobvite.com/mini-circuits/jobs/positions
2026-05-23,62fa1ac42258,Saab Group,System Developer GRC (Governance Risk Compliance) ﻿,https://www.saab.com/career/job-opportunities/system-developer-grc-governance-risk-compliance,"East Syracuse, NY, United States",Not specified,,Space & Defense,https://www.saab.com/career/job-opportunities
2026-05-23,6417504df853,Saab Group,Product Manager Giraffe xA ﻿,https://www.saab.com/career/job-opportunities/product-manager-giraffe-xa,"East Syracuse, NY, United States",Not specified,,Space & Defense,https://www.saab.com/career/job-opportunities
2026-05-23,65625bf634e6,Saab Group,Senior Mechanical Design Engineer ﻿,https://www.saab.com/career/job-opportunities/senior-mechanical-design-engineer,"East Syracuse, NY, United States",Not specified,,Space & Defense,https://www.saab.com/career/job-opportunities
2026-05-23,6604c807ad6e,Saab Group,Senior Contracts Administrator ﻿,https://www.saab.com/career/job-opportunities/senior-contracts-administrator,"East Syracuse, NY, United States",Not specified,,Space & Defense,https://www.saab.com/career/job-opportunities
2026-05-23,671cf6c44fe7,Ausco Inc.,Project Engineer Learn More,https://auscoinc.com/career/project-engineer,"Farmingdale, NY, United States",Not specified,,Aerospace,https://auscoinc.com/career
2026-05-23,68b9427d3bbf,Saab Group,Bid Manager (m/w/d) ﻿,https://www.saab.com/career/job-opportunities/bid-manager-mwd,"East Syracuse, NY, United States",Not specified,,Space & Defense,https://www.saab.com/career/job-opportunities
2026-05-23,69c2c45f5f9f,Saab Group,"Accounting Specialist, AR ﻿",https://www.saab.com/career/job-opportunities/accounting-specialist-ar1,"East Syracuse, NY, United States",Not specified,,Space & Defense,https://www.saab.com/career/job-opportunities
2026-05-23,6a2026cbb1fa,Saab Group,Manager Computer Systems – Hardware Design Giraffe xA ﻿,https://www.saab.com/career/job-opportunities/manager-computer-systems---hardware-design-giraffe-xa,"East Syracuse, NY, United States",Not specified,,Space & Defense,https://www.saab.com/career/job-opportunities
2026-05-23,6a834dc6a990,Saab Group,Environmental Qualification Engineer ﻿,https://www.saab.com/career/job-opportunities/environmental-qualification-engineer,"East Syracuse, NY, United States",Not specified,,Space & Defense,https://www.saab.com/career/job-opportunities
2026-05-23,6b8487e124d2,Saab Group,Systems Engineering Lead - Defence Industry ﻿,https://www.saab.com/career/job-opportunities/systems-engineering-lead---defence-industry1,"East Syracuse, NY, United States",Not specified,,Space & Defense,https://www.saab.com/career/job-opportunities
2026-05-23,6bb7e10a11c6,L3Harris,Senior Associate Quality Engineering,https://careers.l3harris.com/en/job/cincinnati/senior-associate-quality-engineering/4832/95388160432,"Greece, NY, United States",Not specified,,Space & Defense,https://careers.l3harris.com/en/search-jobs
2026-05-23,6c179246567a,Ausco Inc.,Manufacturing Engineer Learn More,https://auscoinc.com/career/manufacturing-engineer,"Farmingdale, NY, United States",Not specified,,Aerospace,https://auscoinc.com/career
2026-05-23,6c63414045ff,Ausco Inc.,Assembly + Test Technician Learn More,https://auscoinc.com/career/assembly-technician,"Farmingdale, NY, United States",Not specified,,Aerospace,https://auscoinc.com/career
2026-05-23,6e2013d2b2b2,Saab Group,"Supplier Quality Manager, BU Tactical Support Solutions ﻿",https://www.saab.com/career/job-opportunities/supplier-quality-manager-bu-tactical-support-solutions2,"East Syracuse, NY, United States",Not specified,,Space & Defense,https://www.saab.com/career/job-opportunities
2026-05-23,6f5fab68ee2c,Saab Group,Risk & Compliance Manager ﻿,https://www.saab.com/career/job-opportunities/risk--compliance-manager,"East Syracuse, NY, United States",Not specified,,Space & Defense,https://www.saab.com/career/job-opportunities
2026-05-23,7030b1290b25,Saab Group,Senior Staff Mechanical Engineer ﻿,https://www.saab.com/career/job-opportunities/senior-staff-mechanical-engineer1,"East Syracuse, NY, United States",Not specified,,Space & Defense,https://www.saab.com/career/job-opportunities
2026-05-23,70c0c6cde568,Boeing,Support Coordinator,https://jobs.boeing.com/job/berkeley/support-coordinator/185/95394822928,"Berkeley, Missouri, United States; and other locations",Not specified,,Aerospace,https://jobs.boeing.com/manufacturing-careers
2026-05-23,70fa4b9697bf,Saab Group,Lead Facilities Specialist ﻿,https://www.saab.com/career/job-opportunities/lead-facilities-specialist,"East Syracuse, NY, United States",Not specified,,Space & Defense,https://www.saab.com/career/job-opportunities
2026-05-23,72b569c2e798,Saab Group,Principal Mechanical Engineer ﻿,https://www.saab.com/career/job-opportunities/principal-mechanical-engineer,"East Syracuse, NY, United States",Not specified,,Space & Defense,https://www.saab.com/career/job-opportunities
2026-05-23,7441042ab214,Saab Group,Senior Health and Safety Engineer ﻿,https://www.saab.com/career/job-opportunities/senior-health-and-safety-engineer1,"East Syracuse, NY, United States",Not specified,,Space & Defense,https://www.saab.com/career/job-opportunities
2026-05-23,7833562bab24,Saab Group,System Integration Engineer ﻿,https://www.saab.com/career/job-opportunities/system-integration-engineer1,"East Syracuse, NY, United States",Not specified,,Space & Defense,https://www.saab.com/career/job-opportunities
2026-05-23,784afe7157a8,Vishay Americas,Anode Utility Operator 3Rd Shift,https://jobs.vishay.com/jobs/anode-utility-operator-3rd-shift,"Niagara Falls, NY, United States",Not specified,,Core Space,https://jobs.vishay.com/jobs
2026-05-23,7ab9c6ad3246,Saab Group,Program Security manager ﻿,https://www.saab.com/career/job-opportunities/program-security-manager,"East Syracuse, NY, United States",Not specified,,Space & Defense,https://www.saab.com/career/job-opportunities
2026-05-23,7ac1ff2ff153,Saab Group,Manager Technical and Lead ﻿,https://www.saab.com/career/job-opportunities/manager-technical-and-lead,"East Syracuse, NY, United States",Not specified,,Space & Defense,https://www.saab.com/career/job-opportunities
2026-05-23,7af61fdd538a,Mini Circuits Brooklyn,RF Technician I/II Other,https://jobs.jobvite.com/mini-circuits/job/oN3aAfwk,"Deer Park, New York",Not specified,,Core Space,https://jobs.jobvite.com/mini-circuits/jobs/positions
2026-05-23,7e89356b75b9,Saab Group,Support Systems Engineers ﻿,https://www.saab.com/career/job-opportunities/support-systems-engineers,"East Syracuse, NY, United States",Not specified,,Space & Defense,https://www.saab.com/career/job-opportunities
2026-05-23,81d2f0082371,Saab Group,Program Quality Manager till Underwater Systems ﻿,https://www.saab.com/career/job-opportunities/program-quality-manager-till-underwater-systems,"East Syracuse, NY, United States",Not specified,,Space & Defense,https://www.saab.com/career/job-opportunities
2026-05-23,8209e73077ef,Vishay Americas,Anode Utility Operator,https://jobs.vishay.com/jobs/anode-utility-operator,"Niagara Falls, NY, United States",Not specified,,Core Space,https://jobs.vishay.com/jobs
2026-05-23,8318c60e7f43,Saab Group,"Manager, Manufacturing ﻿",https://www.saab.com/career/job-opportunities/manager-manufacturing2,"East Syracuse, NY, United States",Not specified,,Space & Defense,https://www.saab.com/career/job-opportunities
2026-05-23,8329c10ede22,Saab Group,Customer Operations Coordinator ﻿,https://www.saab.com/career/job-opportunities/customer-operations-coordinator,"East Syracuse, NY, United States",Not specified,,Space & Defense,https://www.saab.com/career/job-opportunities
2026-05-23,846f2099840e,Saab Group,Category Manager till Gripen ﻿,https://www.saab.com/career/job-opportunities/category-manager-till-gripen1,"East Syracuse, NY, United States",Not specified,,Space & Defense,https://www.saab.com/career/job-opportunities
2026-05-23,87a7fb54bcce,Saab Group,Senior Data Informatics Analyst ﻿,https://www.saab.com/career/job-opportunities/senior-data-informatics-analyst1,"East Syracuse, NY, United States",Not specified,,Space & Defense,https://www.saab.com/career/job-opportunities
2026-05-23,888472a4c3fc,Saab Group,Manager Software Release & Integration ﻿,https://www.saab.com/career/job-opportunities/manager-software-release--integration,"East Syracuse, NY, United States",Not specified,,Space & Defense,https://www.saab.com/career/job-opportunities
2026-05-23,8a012d62f737,Saab Group,Senior Data Engineers ﻿,https://www.saab.com/career/job-opportunities/senior-data-engineers,"East Syracuse, NY, United States",Not specified,,Space & Defense,https://www.saab.com/career/job-opportunities
2026-05-23,8adedca5f129,Saab Group,Manager Delivery Project Execution inom Product Operations Air ﻿,https://www.saab.com/career/job-opportunities/manager-delivery-project-execution-inom-product-operations-air1,"East Syracuse, NY, United States",Not specified,,Space & Defense,https://www.saab.com/career/job-opportunities
2026-05-23,8c01b610c50f,Mini Circuits Brooklyn,Senior Product Manager Engineering,https://jobs.jobvite.com/mini-circuits/job/oCWUzfwL,"Melville, New York",Not specified,,Core Space,https://jobs.jobvite.com/mini-circuits/jobs/positions
2026-05-23,8dbccc9ea5b2,Saab Group,CSI-IPT Verification and Validation Engineer ﻿,https://www.saab.com/career/job-opportunities/csi-ipt-verification-and-validation-engineer,"East Syracuse, NY, United States",Not specified,,Space & Defense,https://www.saab.com/career/job-opportunities
2026-05-23,8e10b72b3301,Mini Circuits Brooklyn,Strategic Sourcing Manager Other,https://jobs.jobvite.com/mini-circuits/job/oynVzfw9,"Melville, New York",Not specified,,Core Space,https://jobs.jobvite.com/mini-circuits/jobs/positions
2026-05-23,8e7382fdd9b1,Saab Group,(Senior) Software Developer (m/w/d) ﻿,https://www.saab.com/career/job-opportunities/senior-software-developer-mwd,"East Syracuse, NY, United States",Not specified,,Space & Defense,https://www.saab.com/career/job-opportunities
2026-05-23,8ec20cf967f7,L3Harris,Network Operations Center Help Desk Engineer 1,https://careers.l3harris.com/en/job/san-antonio/network-operations-center-help-desk-engineer-1/4832/95388160736,"San Antonio, Texas",Not specified,,Space & Defense,https://careers.l3harris.com/en
2026-05-23,8f5eaf38d259,L3Harris,Senior Specialist Production Liaison,https://careers.l3harris.com/en/job/orange/senior-specialist-production-liaison/4832/95388160512,"Orange, VA",Not specified,,Space & Defense,https://careers.l3harris.com/en/search-jobs
2026-05-23,9071c2c9581d,Saab Group,Senior Staff Manufacturing Engineer ﻿,https://www.saab.com/career/job-opportunities/senior-staff-manufacturing-engineer,"East Syracuse, NY, United States",Not specified,,Space & Defense,https://www.saab.com/career/job-opportunities
2026-05-23,90a5ad3cb5d2,Saab Group,Junior Air Combat Simulation Engineer ﻿,https://www.saab.com/career/job-opportunities/junior-air-combat-simulation-engineer1,"East Syracuse, NY, United States",Not specified,,Space & Defense,https://www.saab.com/career/job-opportunities
2026-05-23,917e91455c66,Saab Group,Radars Support Technician ﻿,https://www.saab.com/career/job-opportunities/radars-support-technician,"East Syracuse, NY, United States",Not specified,,Space & Defense,https://www.saab.com/career/job-opportunities
2026-05-23,9255bb7abb31,Saab Group,Senior Verification Engineer - ATM ﻿,https://www.saab.com/career/job-opportunities/senior-verification-engineer---atm,"East Syracuse, NY, United States",Not specified,,Space & Defense,https://www.saab.com/career/job-opportunities
2026-05-23,93dadfa987fc,Innovative Test Solutions (ITS),Engineering Intern,https://its-inc.com/careers/engineering-intern,"Schenectady, NY, United States",Not specified,,Core Space,https://its-inc.com/careers
2026-05-23,95fdbd2fdd3a,Saab Group,HR & Legal Specialist (m/w/d) Schwerpunkt Arbeitsrecht ﻿,https://www.saab.com/career/job-opportunities/hr--legal-specialist-mwd-schwerpunkt-arbeitsrecht,"East Syracuse, NY, United States",Not specified,,Space & Defense,https://www.saab.com/career/job-opportunities
2026-05-23,99593856440e,L3Harris,Specialist Rf Wireless Engineering,https://careers.l3harris.com/en/job/salt-lake-city/specialist-rf-wireless-engineering/4832/95388160624,"Salt Lake City, UT",Not specified,,Space & Defense,https://careers.l3harris.com/en/search-jobs
2026-05-23,9987a7996919,Saab Group,Maintenance Operation Manager for Ex-pat assignment UAE ﻿,https://www.saab.com/career/job-opportunities/maintenance-operation-manager-for-ex-pat-assignment-uae,"East Syracuse, NY, United States",Not specified,,Space & Defense,https://www.saab.com/career/job-opportunities
2026-05-23,9a68b1339b65,Ombra,Marketing Intern,https://ombra.us/careers/marketing-intern,"Potsdam, NY, United States",Not specified,,Space & Defense,https://ombra.us/careers
2026-05-23,9a91f6413815,Ombra,Software Engineer Intern,https://ombra.us/careers/software-engineer-intern,"Potsdam, NY, United States",Not specified,,Space & Defense,https://ombra.us/careers
2026-05-23,9b1ac81cbacc,Saab Group,Cnc Operator,https://www.saab.com/career/job-opportunities/cnc-operator,"East Syracuse, NY, United States",Not specified,,Space & Defense,https://www.saab.com/career/job-opportunities
2026-05-23,9b9d6c95950f,Mini Circuits Brooklyn,SAP ERP Manager Information Technology,https://jobs.jobvite.com/mini-circuits/job/ogUJzfwc,"Brooklyn, NY, United States",Not specified,,Core Space,https://jobs.jobvite.com/mini-circuits/jobs/positions
2026-05-23,9bad6050094e,Boeing,Operations Business Analyst,https://jobs.boeing.com/job/everett/operations-business-analyst/185/95394819600,"Everett, Washington, United States",Not specified,,Aerospace,https://jobs.boeing.com/manufacturing-careers
2026-05-23,9c81b1ec6ab3,Ausco Inc.,Sr. Quality Engineer Learn More,https://auscoinc.com/career/sr-quality-engineer,"Farmingdale, NY, United States",Not specified,,Aerospace,https://auscoinc.com/career
2026-05-23,9d024fc32e22,Mini Circuits Brooklyn,Engineer Operations Manager - DBU Engineering,https://jobs.jobvite.com/mini-circuits/job/o9R8zfwr,"Melville, New York",Not specified,,Core Space,https://jobs.jobvite.com/mini-circuits/jobs/positions
2026-05-23,9d1b8a774842,Mini Circuits Brooklyn,Field Applications Engineer Engineering,https://jobs.jobvite.com/mini-circuits/job/o9l3zfwQ,"Remote, California",Remote,,Core Space,https://jobs.jobvite.com/mini-circuits/jobs/positions
2026-05-23,9d647e7852ab,Saab Group,Senior Depot Specialist ﻿,https://www.saab.com/career/job-opportunities/senior-depot-specialist,"East Syracuse, NY, United States",Not specified,,Space & Defense,https://www.saab.com/career/job-opportunities
2026-05-23,a0844d0e4cce,Mini Circuits Brooklyn,Administrative Coordinator - Engineering Services,https://jobs.jobvite.com/mini-circuits/jobs/positions,"Brooklyn, NY, United States",Not specified,,Core Space,https://jobs.jobvite.com/mini-circuits
2026-05-23,a37bfafb0933,Saab Group,Combat Systems Engineer ﻿,https://www.saab.com/career/job-opportunities/combat-systems-engineer2,"East Syracuse, NY, United States",Not specified,,Space & Defense,https://www.saab.com/career/job-opportunities
2026-05-23,a554f9fe7fa5,Saab Group,AI & Data Product Manager ﻿,https://www.saab.com/career/job-opportunities/ai--data-product-manager,"East Syracuse, NY, United States",Not specified,,Space & Defense,https://www.saab.com/career/job-opportunities
2026-05-23,a5967d414cb8,Saab Group,Data & AI Support Engineer till Saabs IT Akademiprogram ﻿,https://www.saab.com/career/job-opportunities/data--ai-support-engineer-till-saabs-it-akademiprogram,"East Syracuse, NY, United States",Not specified,,Space & Defense,https://www.saab.com/career/job-opportunities
2026-05-23,a5cb6b16e8bd,Saab Group,Senior Platform Engineer ﻿,https://www.saab.com/career/job-opportunities/senior-platform-engineer,"East Syracuse, NY, United States",Not specified,,Space & Defense,https://www.saab.com/career/job-opportunities
2026-05-23,a63f86821bc3,Mini Circuits Brooklyn,FP&A Analyst Finance,https://jobs.jobvite.com/mini-circuits/job/okb9AfwY,"Melville, New York",Not specified,,Core Space,https://jobs.jobvite.com/mini-circuits/jobs/positions
2026-05-23,a82e5f697d52,Saab Group,Konfigurationsledare/Configuration Manager ﻿,https://www.saab.com/career/job-opportunities/konfigurationsledareconfiguration-manager,"East Syracuse, NY, United States",Not specified,,Space & Defense,https://www.saab.com/career/job-opportunities
2026-05-23,a9ec4b5df71a,L3Harris,"Senior Specialist, Program Finance Finance Mirabel, Quebec",https://careers.l3harris.com/en/job/mirabel/senior-specialist-program-finance/4832/95388160464,"Greece, NY, United States",Not specified,,Space & Defense,https://careers.l3harris.com/en/search-jobs
2026-05-23,aa66d3e96ec9,ENSCO Avionics,"Track Inspection Systems Support Intern New Chambersburg, Pennsylvania, United States",https://job-boards.greenhouse.io/ensco/jobs/5225210008,"Chambersburg, Pennsylvania, United States",Not specified,,Aerospace,https://job-boards.greenhouse.io/ensco
2026-05-23,ad20ee896180,Saab Group,ILS Engineer – hos Saab i Göteborg ﻿,https://www.saab.com/career/job-opportunities/ils-engineer--hos-saab-i-goteborg,"East Syracuse, NY, United States",Not specified,,Space & Defense,https://www.saab.com/career/job-opportunities
2026-05-23,afff252e24f3,Saab Group,Signal Processing Specialist (m/w/d) ﻿,https://www.saab.com/career/job-opportunities/signal-processing-specialist-mwd,"East Syracuse, NY, United States",Not specified,,Space & Defense,https://www.saab.com/career/job-opportunities
2026-05-23,b245734249f5,Saab Group,CNC-Operator / Polymechaniker 100% (m/w/d) ﻿,https://www.saab.com/career/job-opportunities/cnc-operator--polymechaniker-100-mwd1,"East Syracuse, NY, United States",Not specified,,Space & Defense,https://www.saab.com/career/job-opportunities
2026-05-23,b3154644efa1,Saab Group,Manager Sensor Software ﻿,https://www.saab.com/career/job-opportunities/manager-sensor-software,"East Syracuse, NY, United States",Not specified,,Space & Defense,https://www.saab.com/career/job-opportunities
2026-05-23,b3386534363e,Saab Group,Manager Computer Software Command & Control (C2) ﻿,https://www.saab.com/career/job-opportunities/manager-computer-software-command--control-c2,"East Syracuse, NY, United States",Not specified,,Space & Defense,https://www.saab.com/career/job-opportunities
2026-05-23,b3befc33eaef,Saab Group,Application Specialist (m/w/d) im Customer Service ﻿,https://www.saab.com/career/job-opportunities/application-specialist-mwd-im-customer-service,"East Syracuse, NY, United States",Not specified,,Space & Defense,https://www.saab.com/career/job-opportunities
2026-05-23,b451c8334315,Saab Group,Embedded Software Architect ﻿,https://www.saab.com/career/job-opportunities/embedded-software-architect,"East Syracuse, NY, United States",Not specified,,Space & Defense,https://www.saab.com/career/job-opportunities
2026-05-23,b58cbeb8e89b,Saab Group,Vi söker nu flera Sektionschefer för Systems Engineering inom Coastal & Air Defence! ﻿,https://www.saab.com/career/job-opportunities/vi-soker-nu-flera-sektionschefer-for-systems-engineering-inom-coastal--air-defence,"East Syracuse, NY, United States",Not specified,,Space & Defense,https://www.saab.com/career/job-opportunities
2026-05-23,b6f05bd5260f,Saab Group,DevOps Engineer ﻿,https://www.saab.com/career/job-opportunities/devops-engineer,"East Syracuse, NY, United States",Not specified,,Space & Defense,https://www.saab.com/career/job-opportunities
2026-05-23,b77f258465cb,Saab Group,Embedded Software and Laser Engineer ﻿,https://www.saab.com/career/job-opportunities/embedded-software-and-laser-engineer,"East Syracuse, NY, United States",Not specified,,Space & Defense,https://www.saab.com/career/job-opportunities
2026-05-23,bbc93b8da0d7,Saab Group,Junior Quality Manager (m/w/d) ﻿,https://www.saab.com/career/job-opportunities/junior-quality-manager-mwd1,"East Syracuse, NY, United States",Not specified,,Space & Defense,https://www.saab.com/career/job-opportunities
2026-05-23,bcc08fc6bf7e,Schenck USA Corp.,For Specialists and Senior Professionals,https://www.schenck-rotec.com/en-us/career/for-specialists-and-senior-professionals,"Deer Park, NY, United States",Not specified,,Aerospace,https://www.schenck-rotec.com/en-us/career/career-at-schenck
2026-05-23,bec240be46f2,Saab Group,Nu söker vi en BI/Analytics Qlik Developer! ﻿,https://www.saab.com/career/job-opportunities/nu-soker-vi-en-bianalytics-qlik-developer1,"East Syracuse, NY, United States",Not specified,,Space & Defense,https://www.saab.com/career/job-opportunities
2026-05-23,bf6903a8cd6b,Saab Group,Quality Manager ﻿,https://www.saab.com/career/job-opportunities/quality-manager2,"East Syracuse, NY, United States",Not specified,,Space & Defense,https://www.saab.com/career/job-opportunities
2026-05-23,c017fc86f0e2,Mini Circuits Brooklyn,NA Operations Project Manager III Other,https://jobs.jobvite.com/mini-circuits/job/oMhWyfwh,"Brooklyn, New York",Not specified,,Core Space,https://jobs.jobvite.com/mini-circuits/jobs/positions
2026-05-23,c0384778dfb4,Saab Group,Supplier Development Engineer ﻿,https://www.saab.com/career/job-opportunities/supplier-development-engineer,"East Syracuse, NY, United States",Not specified,,Space & Defense,https://www.saab.com/career/job-opportunities
2026-05-23,c2ea89e9427e,Saab Group,"Software Engineer – Linux & Protocol Development (Security, Cloud & High‑Speed mobile Networks) ﻿",https://www.saab.com/career/job-opportunities/software-engineer--linux--protocol-development-security-cloud--highspeed-mobile-networks,"East Syracuse, NY, United States",Not specified,,Space & Defense,https://www.saab.com/career/job-opportunities
2026-05-23,c2f6082db81d,Mini Circuits Brooklyn,"Administrative Coordinator - Engineering Services Full-Time Melville, New York",https://jobs.jobvite.com/mini-circuits/job/oFT9Afw1,"Melville, New York",Not specified,,Core Space,https://jobs.jobvite.com/mini-circuits/jobs/positions
2026-05-23,c4274c79899a,L3Harris,Specialist Electrical Engineer Design,https://careers.l3harris.com/en/job/greenville/specialist-electrical-engineer-design/4832/95388160560,"Greenville, TX",Not specified,,Space & Defense,https://careers.l3harris.com/en/search-jobs
2026-05-23,c42b6a606b24,Saab Group,Associate Buyer-Commodity Professional ﻿,https://www.saab.com/career/job-opportunities/associate-buyer-commodity-professional,"East Syracuse, NY, United States",Not specified,,Space & Defense,https://www.saab.com/career/job-opportunities
2026-05-23,c44b7a9795d4,Saab Group,Principal Program Manager - GLSDB Portfolio ﻿,https://www.saab.com/career/job-opportunities/principal-program-manager---glsdb-portfolio,"East Syracuse, NY, United States",Not specified,,Space & Defense,https://www.saab.com/career/job-opportunities
2026-05-23,c4a669730bb8,Saab Group,Lead Software Engineer ﻿,https://www.saab.com/career/job-opportunities/lead-software-engineer,"East Syracuse, NY, United States",Not specified,,Space & Defense,https://www.saab.com/career/job-opportunities
2026-05-23,c535f0b4cf35,Saab Group,Product Quality Engineer ﻿,https://www.saab.com/career/job-opportunities/product-quality-engineer,"East Syracuse, NY, United States",Not specified,,Space & Defense,https://www.saab.com/career/job-opportunities
2026-05-23,c58c41538e13,Mini Circuits Brooklyn,SAP Master Data Solution Specialist Information Technology,https://jobs.jobvite.com/mini-circuits/job/oK7LvfwR,"Melville, New York",Not specified,,Core Space,https://jobs.jobvite.com/mini-circuits/jobs/positions
2026-05-23,c5f8b42ea07b,Saab Group,Export Control Manager ﻿,https://www.saab.com/career/job-opportunities/export-control-manager,"East Syracuse, NY, United States",Not specified,,Space & Defense,https://www.saab.com/career/job-opportunities
2026-05-23,c83f27a51d87,Saab Group,Customer Lead System Engineer ﻿,https://www.saab.com/career/job-opportunities/customer-lead-system-engineer,"East Syracuse, NY, United States",Not specified,,Space & Defense,https://www.saab.com/career/job-opportunities
2026-05-23,c994ee8b81ad,Saab Group,IT Business Analyst ﻿,https://www.saab.com/career/job-opportunities/it-business-analyst,"East Syracuse, NY, United States",Not specified,,Space & Defense,https://www.saab.com/career/job-opportunities
2026-05-23,cabc4f297156,Saab Group,Senior Embedded Software Engineer till Saab Dynamics ﻿,https://www.saab.com/career/job-opportunities/senior-embedded-software-engineer-till-saab-dynamics,"East Syracuse, NY, United States",Not specified,,Space & Defense,https://www.saab.com/career/job-opportunities
2026-05-23,cc42cc94dea5,Mini Circuits Brooklyn,Calibration Technician Engineering,https://jobs.jobvite.com/mini-circuits/job/oh0Pzfwp,"Brooklyn, New York",Not specified,,Core Space,https://jobs.jobvite.com/mini-circuits/jobs/positions
2026-05-23,ceaa2eed67d6,Saab Group,Senior System Integration Engineer - ATM ﻿,https://www.saab.com/career/job-opportunities/senior-system-integration-engineer---atm,"East Syracuse, NY, United States",Not specified,,Space & Defense,https://www.saab.com/career/job-opportunities
2026-05-23,cf6481b42188,Ombra,Engineering Intern,https://ombra.us/careers/engineering-intern,"Potsdam, NY, United States",Not specified,,Space & Defense,https://ombra.us/careers
2026-05-23,cfeb25afb46e,Vishay Americas,Senior Specialist Planning M W D,https://jobs.vishay.com/jobs/senior-specialist-planning-m-w-d,"Niagara Falls, NY, United States",Not specified,,Core Space,https://jobs.vishay.com/jobs
2026-05-23,d1186a38c478,Saab Group,IT Solution Architect ﻿,https://www.saab.com/career/job-opportunities/it-solution-architect,"East Syracuse, NY, United States",Not specified,,Space & Defense,https://www.saab.com/career/job-opportunities
2026-05-23,d29ad321b311,Saab Group,Business Developer ﻿,https://www.saab.com/career/job-opportunities/business-developer,"East Syracuse, NY, United States",Not specified,,Space & Defense,https://www.saab.com/career/job-opportunities
2026-05-23,d3bd39d0948c,Saab Group,Combat System Safety Engineer ﻿,https://www.saab.com/career/job-opportunities/combat-system-safety-engineer,"East Syracuse, NY, United States",Not specified,,Space & Defense,https://www.saab.com/career/job-opportunities
2026-05-23,d4cadd9148bd,Vishay Americas,Senior Specialist Ehs Quality M W D,https://jobs.vishay.com/jobs/senior-specialist-ehs-quality-m-w-d,"Niagara Falls, NY, United States",Not specified,,Core Space,https://jobs.vishay.com/jobs
2026-05-23,d6d1701f5964,Saab Group,Software/HMI developer - Java ﻿,https://www.saab.com/career/job-opportunities/softwarehmi-developer---java,"East Syracuse, NY, United States",Not specified,,Space & Defense,https://www.saab.com/career/job-opportunities
2026-05-23,d6d681873435,Saab Group,Saab söker erfarna ingenjörer inom Systems Engineering! ﻿,https://www.saab.com/career/job-opportunities/saab-soker-erfarna-ingenjorer-inom-systems-engineering,"East Syracuse, NY, United States",Not specified,,Space & Defense,https://www.saab.com/career/job-opportunities
2026-05-23,d733cbeed7c2,Saab Group,Platform Engineer inom AIS ﻿,https://www.saab.com/career/job-opportunities/platform-engineer-inom-ais1,"East Syracuse, NY, United States",Not specified,,Space & Defense,https://www.saab.com/career/job-opportunities
2026-05-23,d96f13e78226,Saab Group,Senior Systems Engineer ﻿,https://www.saab.com/career/job-opportunities/senior-systems-engineer2,"East Syracuse, NY, United States",Not specified,,Space & Defense,https://www.saab.com/career/job-opportunities
2026-05-23,db0361464027,Saab Group,Logistic Coordinator Aeronautics! ﻿,https://www.saab.com/career/job-opportunities/logistic-coordinator-aeronautics1,"East Syracuse, NY, United States",Not specified,,Space & Defense,https://www.saab.com/career/job-opportunities
2026-05-23,dc2eda594c11,Saab Group,Office Manager ﻿,https://www.saab.com/career/job-opportunities/office-manager,"East Syracuse, NY, United States",Not specified,,Space & Defense,https://www.saab.com/career/job-opportunities
2026-05-23,dc60e2422731,Saab Group,Security Manager at Saab Naval ﻿,https://www.saab.com/career/job-opportunities/security-manager-at-saab-naval,"East Syracuse, NY, United States",Not specified,,Space & Defense,https://www.saab.com/career/job-opportunities
2026-05-23,dd03c7ae4606,Saab Group,OJT Technicians for Ex-pat assignment in UAE ﻿,https://www.saab.com/career/job-opportunities/ojt-technicians-for-ex-pat-assignment-in-uae,"East Syracuse, NY, United States",Not specified,,Space & Defense,https://www.saab.com/career/job-opportunities
2026-05-23,dd2f2a9ddbcd,Saab Group,Insurance Specialist ﻿,https://www.saab.com/career/job-opportunities/insurance-specialist,"East Syracuse, NY, United States",Not specified,,Space & Defense,https://www.saab.com/career/job-opportunities
2026-05-23,dd9a056dc06e,Saab Group,"Combat Systems Technicians EOI - Early, Mid-career, Senior ﻿",https://www.saab.com/career/job-opportunities/combat-systems-technicians-eoi---early-mid-career-senior,"East Syracuse, NY, United States",Not specified,,Space & Defense,https://www.saab.com/career/job-opportunities
2026-05-23,de11b72dc6d3,L3Harris,Spec Configuration Management,https://careers.l3harris.com/en/job/greenville/spec-configuration-management-1/4832/95383071792,"Greece, NY, United States",Not specified,,Space & Defense,https://careers.l3harris.com/en/search-jobs
2026-05-23,def3ecde5e01,Saab Group,Regional Business Support Specialist – Asia ﻿,https://www.saab.com/career/job-opportunities/regional-business-support-specialist--asia,"East Syracuse, NY, United States",Not specified,,Space & Defense,https://www.saab.com/career/job-opportunities
2026-05-23,df23ed2a21aa,Saab Group,Technical Lead ﻿,https://www.saab.com/career/job-opportunities/technical-lead,"East Syracuse, NY, United States",Not specified,,Space & Defense,https://www.saab.com/career/job-opportunities
2026-05-23,e10136985e45,Saab Group,Project Manager - ATM ﻿,https://www.saab.com/career/job-opportunities/project-manager---atm,"East Syracuse, NY, United States",Not specified,,Space & Defense,https://www.saab.com/career/job-opportunities
2026-05-23,e13da4f773c7,Saab Group,AI & Data Lead Architect ﻿,https://www.saab.com/career/job-opportunities/ai--data-lead-architect1,"East Syracuse, NY, United States",Not specified,,Space & Defense,https://www.saab.com/career/job-opportunities
2026-05-23,e19ab1cf417f,Saab Group,Electrical Engineer ﻿,https://www.saab.com/career/job-opportunities/electrical-engineer,"East Syracuse, NY, United States",Not specified,,Space & Defense,https://www.saab.com/career/job-opportunities
2026-05-23,e2798dc80f61,Ombra,Capture Analyst,https://ombra.us/careers/capture-analyst,"Potsdam, NY, United States",Not specified,,Space & Defense,https://ombra.us/careers
2026-05-23,e2e341214b37,Innovative Test Solutions (ITS),Test Engineer,https://its-inc.com/careers/test-engineer,"Schenectady, NY, United States",Not specified,,Core Space,https://its-inc.com/careers
2026-05-23,e30ffc2065f2,Saab Group,Systems Engineer ﻿,https://www.saab.com/career/job-opportunities/systems-engineer1,"East Syracuse, NY, United States",Not specified,,Space & Defense,https://www.saab.com/career/job-opportunities
2026-05-23,e4040483926e,Huntington Ingalls Industries,PROCUREMENT ASSISTANT 2,https://careers.huntingtoningalls.com/job/Pascagoula-PROCUREMENT-ASSISTANT-2-Miss/1391724000,"Syracuse, NY, United States",Not specified,,Space & Defense,https://careers.huntingtoningalls.com/search?q=&locationsearch=Pascagoula%2C+MS&sortColumn=referencedate&sortDirection=desc&searchby=location&d=10
2026-05-23,e42f0e2f5f3b,Saab Group,IT & Network Technician ﻿,https://www.saab.com/career/job-opportunities/it--network-technician,"East Syracuse, NY, United States",Not specified,,Space & Defense,https://www.saab.com/career/job-opportunities
2026-05-23,e4e30a79ea65,Saab Group,Senior Mechanical Engineer ﻿,https://www.saab.com/career/job-opportunities/senior-mechanical-engineer1,"East Syracuse, NY, United States",Not specified,,Space & Defense,https://www.saab.com/career/job-opportunities
2026-05-23,e6ce83304041,Saab Group,Senior DevOps engineer ﻿,https://www.saab.com/career/job-opportunities/senior-devops-engineer1,"East Syracuse, NY, United States",Not specified,,Space & Defense,https://www.saab.com/career/job-opportunities
2026-05-23,e8548f1f133a,Saab Group,Senior Staff Lead Radar Integration & Test Engineer ﻿,https://www.saab.com/career/job-opportunities/senior-staff-lead-radar-integration--test-engineer,"East Syracuse, NY, United States",Not specified,,Space & Defense,https://www.saab.com/career/job-opportunities
2026-05-23,e88beb136053,Saab Group,Project Engineering Manager - ATM ﻿,https://www.saab.com/career/job-opportunities/project-engineering-manager---atm,"East Syracuse, NY, United States",Not specified,,Space & Defense,https://www.saab.com/career/job-opportunities
2026-05-23,e88ff2d3c186,Saab Group,FPGA System Architect (m/w/d) ﻿,https://www.saab.com/career/job-opportunities/fpga-system-architect-mwd,"East Syracuse, NY, United States",Not specified,,Space & Defense,https://www.saab.com/career/job-opportunities
2026-05-23,e9674d8a524b,Saab Group,RF Test Technician ﻿,https://www.saab.com/career/job-opportunities/rf-test-technician,"East Syracuse, NY, United States",Not specified,,Space & Defense,https://www.saab.com/career/job-opportunities
2026-05-23,e96b47a1513b,Saab Group,Project Quality Manager (m/w/d) ﻿,https://www.saab.com/career/job-opportunities/project-quality-manager-mwd1,"East Syracuse, NY, United States",Not specified,,Space & Defense,https://www.saab.com/career/job-opportunities
2026-05-23,ea67bcf68d3f,Saab Group,DevSecOps-Engineer ﻿,https://www.saab.com/career/job-opportunities/devsecops-engineer,"East Syracuse, NY, United States",Not specified,,Space & Defense,https://www.saab.com/career/job-opportunities
2026-05-23,eacc5510e7cc,Saab Group,Modelling & Analysis Engineer ﻿,https://www.saab.com/career/job-opportunities/modelling--analysis-engineer,"East Syracuse, NY, United States",Not specified,,Space & Defense,https://www.saab.com/career/job-opportunities
2026-05-23,ead75fde975f,ITT Enidine,Title Audit Intern - Summer 2026,https://careersenus-itt-inc.icims.com/jobs/16644/audit-intern---summer-2026/job,"Orchard Park, NY, United States",Not specified,,Space & Defense,https://careersenus-itt-inc.icims.com/jobs/search?ss=1&searchRelation=keyword_all
2026-05-23,eaed0cad37c7,Saab Group,Integration Test Engineer ﻿,https://www.saab.com/career/job-opportunities/integration-test-engineer,"East Syracuse, NY, United States",Not specified,,Space & Defense,https://www.saab.com/career/job-opportunities
2026-05-23,eb41b5769891,Saab Group,Field Support Technician ﻿,https://www.saab.com/career/job-opportunities/field-support-technician,"East Syracuse, NY, United States",Not specified,,Space & Defense,https://www.saab.com/career/job-opportunities
2026-05-23,eb4695590a6b,Saab Group,Radar Integration & Test Engineer ﻿,https://www.saab.com/career/job-opportunities/radar-integration--test-engineer1,"East Syracuse, NY, United States",Not specified,,Space & Defense,https://www.saab.com/career/job-opportunities
2026-05-23,ec1366ff863f,Saab Group,Project Manager ﻿,https://www.saab.com/career/job-opportunities/project-manager,"East Syracuse, NY, United States",Not specified,,Space & Defense,https://www.saab.com/career/job-opportunities
2026-05-23,ec256fe0a46b,Mini Circuits Brooklyn,Supply Chain Data Analyst Other,https://jobs.jobvite.com/mini-circuits/job/oOv3zfwF,"Melville, New York",Not specified,,Core Space,https://jobs.jobvite.com/mini-circuits/jobs/positions
2026-05-23,ed623aff3785,Saab Group,Mjukvaruarkitekt / Software Architect - Training & Simulation ﻿,https://www.saab.com/career/job-opportunities/mjukvaruarkitekt--software-architect---training--simulation,"East Syracuse, NY, United States",Not specified,,Space & Defense,https://www.saab.com/career/job-opportunities
2026-05-23,ed71427d45e7,Mini Circuits Brooklyn,Senior Manager of Design Engineering Engineering,https://jobs.jobvite.com/mini-circuits/job/ocTgvfwA,"Hialeah, Florida",Not specified,,Core Space,https://jobs.jobvite.com/mini-circuits/jobs/positions
2026-05-23,eed886235cb3,Saab Group,Naval Architect ﻿,https://www.saab.com/career/job-opportunities/naval-architect,"East Syracuse, NY, United States",Not specified,,Space & Defense,https://www.saab.com/career/job-opportunities
2026-05-23,efe90dbc1c9b,Saab Group,Senior Staff Electrical Engineer ﻿,https://www.saab.com/career/job-opportunities/senior-staff-electrical-engineer1,"East Syracuse, NY, United States",Not specified,,Space & Defense,https://www.saab.com/career/job-opportunities
2026-05-23,f02ab787e357,Saab Group,Senior Design Engineer ﻿,https://www.saab.com/career/job-opportunities/senior-design-engineer,"East Syracuse, NY, United States",Not specified,,Space & Defense,https://www.saab.com/career/job-opportunities
2026-05-23,f0a2c2065aaa,Saab Group,IT manager med passion för människor ﻿,https://www.saab.com/career/job-opportunities/it-manager-med-passion-for-manniskor,"East Syracuse, NY, United States",Not specified,,Space & Defense,https://www.saab.com/career/job-opportunities
2026-05-23,f0d9b840e9e2,Mini Circuits Brooklyn,Applications Engineer I Engineering,https://jobs.jobvite.com/mini-circuits/job/oGH8zfwO,"Melville, New York",Not specified,,Core Space,https://jobs.jobvite.com/mini-circuits/jobs/positions
2026-05-23,f0dd7b72b0c2,Saab Group,System Integration Engineer - ATM ﻿,https://www.saab.com/career/job-opportunities/system-integration-engineer---atm,"East Syracuse, NY, United States",Not specified,,Space & Defense,https://www.saab.com/career/job-opportunities
2026-05-23,f1e7f26beb7b,Saab Group,Platform Engineer ﻿,https://www.saab.com/career/job-opportunities/platform-engineer,"East Syracuse, NY, United States",Not specified,,Space & Defense,https://www.saab.com/career/job-opportunities
2026-05-23,f39ff43c0161,L3Harris,Lead Rf Wireless Engineering,https://careers.l3harris.com/en/job/salt-lake-city/lead-rf-wireless-engineering-1/4832/95388160656,"Salt Lake City, UT",Not specified,,Space & Defense,https://careers.l3harris.com/en/search-jobs
2026-05-23,f3b3f325de69,Saab Group,"Manager, Electrical Engineering ﻿",https://www.saab.com/career/job-opportunities/manager-electrical-engineering1,"East Syracuse, NY, United States",Not specified,,Space & Defense,https://www.saab.com/career/job-opportunities
2026-05-23,f43a9ab48682,Orbital Insight/Privateer,Senior DevSecOps Engineer - Cleared,https://www.privateer.com/jobs/senior-devsecops-engineer-cleared,"Manhattan, NY, United States",Not specified,,Core Space,https://www.privateer.com/careers
2026-05-23,f47e834b2421,Saab Group,Cnc Operator Inom Svarvning,https://www.saab.com/career/job-opportunities/cnc-operator-inom-svarvning,"East Syracuse, NY, United States",Not specified,,Space & Defense,https://www.saab.com/career/job-opportunities
2026-05-23,f47eb77ece56,Saab Group,Senior Quality Engineer ﻿,https://www.saab.com/career/job-opportunities/senior-quality-engineer1,"East Syracuse, NY, United States",Not specified,,Space & Defense,https://www.saab.com/career/job-opportunities
2026-05-23,f7d4fa07607a,Saab Group,ERP Enterprise Architect ﻿,https://www.saab.com/career/job-opportunities/erp-enterprise-architect,"East Syracuse, NY, United States",Not specified,,Space & Defense,https://www.saab.com/career/job-opportunities
2026-05-23,f92c82487dc3,Saab Group,Commercial Manager - Saab Barracuda ﻿,https://www.saab.com/career/job-opportunities/commercial-manager---saab-barracuda1,"East Syracuse, NY, United States",Not specified,,Space & Defense,https://www.saab.com/career/job-opportunities
2026-05-23,f959ff54ee2c,Saab Group,Supplier Quality Engineer ﻿,https://www.saab.com/career/job-opportunities/supplier-quality-engineer,"East Syracuse, NY, United States",Not specified,,Space & Defense,https://www.saab.com/career/job-opportunities
2026-05-23,fa18e525ec1e,Saab Group,Tech Lead ﻿,https://www.saab.com/career/job-opportunities/tech-lead,"East Syracuse, NY, United States",Not specified,,Space & Defense,https://www.saab.com/career/job-opportunities
2026-05-23,fa247db3ca92,Ombra,Inside Sales Associate,https://ombra.us/careers/inside-sales-associate,"Potsdam, NY, United States",Not specified,,Space & Defense,https://ombra.us/careers
2026-05-23,fa798412379e,Mini Circuits Brooklyn,Engineering Project Manager II Engineering,https://jobs.jobvite.com/mini-circuits/job/ok9Izfwu,"Melville, New York",Not specified,,Core Space,https://jobs.jobvite.com/mini-circuits/jobs/positions
2026-05-23,fa9a459b9202,Saab Group,Software Architect ﻿,https://www.saab.com/career/job-opportunities/software-architect1,"East Syracuse, NY, United States",Not specified,,Space & Defense,https://www.saab.com/career/job-opportunities
2026-05-23,fdb1d49e2165,Saab Group,System Test Engineer R-ESM (m/w/d) ﻿,https://www.saab.com/career/job-opportunities/system-test-engineer-r-esm-mwd1,"East Syracuse, NY, United States",Not specified,,Space & Defense,https://www.saab.com/career/job-opportunities
2026-05-23,ffd93606b142,Saab Group,System Test Engineer - SigInt Products (m/w/d) ﻿,https://www.saab.com/career/job-opportunities/system-test-engineer---sigint-products-mwd,"East Syracuse, NY, United States",Not specified,,Space & Defense,https://www.saab.com/career/job-opportunities
2026-05-23,ffdc5881faf0,Saab Group,Contracts Manager ﻿,https://www.saab.com/career/job-opportunities/contracts-manager1,"East Syracuse, NY, United States",Not specified,,Space & Defense,https://www.saab.com/career/job-opportunities
2026-05-24,02b740d13a74,L3Harris,"Specialist Software Engineer Engineering Anaheim, CA",https://careers.l3harris.com/en/job/anaheim/specialist-software-engineer/4832/93162325168,"Anaheim, CA",Not specified,,Space & Defense,"https://careers.l3harris.com/en/search-jobs?acm=61370,8684512,8684496,8684688,8684208,8687808,8696112,8684256,8690160,8684528&alrpm=ALL&ascf=[%7B%22key%22:%22ALL%22,%22value%22:%22%22%7D]"
2026-05-24,0bfba3ca251c,Boeing,Principal Electronic Systems Design and Analysis Engineer,https://jobs.boeing.com/job/everett/principal-electronic-systems-design-and-analysis-engineer/185/95436427344,"Everett, Washington, United States",Not specified,,Aerospace,https://jobs.boeing.com/electronic-and-electrical-engineering-careers
2026-05-24,24197664a17d,Boeing,Experienced or Senior Cybersecurity Analyst,https://jobs.boeing.com/job/everett/experienced-or-senior-cybersecurity-analyst/185/93396982128,"Everett, Washington, United States; and other locations",Not specified,,Aerospace,https://jobs.boeing.com/cybersecurity-careers
2026-05-24,2f7e86fc1b24,L3Harris,Specialist Cloud Software Engineer,https://careers.l3harris.com/en/job/melbourne/specialist-cloud-software-engineer/4832/93654617968,"Melbourne, FL",Not specified,,Space & Defense,"https://careers.l3harris.com/en/search-jobs?acm=61370,8684512,8684496,8684688,8684208,8687808,8696112,8684256,8690160,8684528&alrpm=ALL&ascf=[%7B%22key%22:%22ALL%22,%22value%22:%22%22%7D]"
2026-05-24,407cde0cb912,L3Harris,Senior Specialist Software Engineering,https://careers.l3harris.com/en/job/anaheim/senior-specialist-software-engineering/4832/92421471760,"Anaheim, CA",Not specified,,Space & Defense,"https://careers.l3harris.com/en/search-jobs?acm=61370,8684512,8684496,8684688,8684208,8687808,8696112,8684256,8690160,8684528&alrpm=ALL&ascf=[%7B%22key%22:%22ALL%22,%22value%22:%22%22%7D]"
2026-05-24,66f5d9e519b4,Vishay Americas,Rd Reliability Engineer,https://jobs.vishay.com/jobs/rd-reliability-engineer,"Catania, IT, Italy",Not specified,,Core Space,https://jobs.vishay.com/career-areas
2026-05-24,7d9bf3d3641d,L3Harris,Associate Manager Security Research Engineer,https://careers.l3harris.com/en/job/united-states/associate-manager-security-research-engineer/4832/94705807168,"Greece, NY, United States",Not specified,,Space & Defense,https://careers.l3harris.com/en
2026-05-24,86c5c894e9b5,Boeing,Associate or Mid-Level Weight Operation Technical Analyst,https://jobs.boeing.com/job/north-charleston/associate-or-mid-level-weight-operation-technical-analyst/185/95431924880,"North Charleston, South Carolina, United States",Not specified,,Aerospace,https://jobs.boeing.com/flight-engineering-careers
2026-05-24,8be24fc73588,L3Harris,"Senior Rust Software Developer - SMES Union Camden, NJ",https://careers.l3harris.com/en/job/camden/senior-rust-software-developer-smes/4832/91080226992,"Camden, NJ",Not specified,,Space & Defense,https://careers.l3harris.com/en/search-jobs
2026-05-24,9a67c4cfa1fd,L3Harris,Associate Manager Software Engineer,https://careers.l3harris.com/en/job/camden/associate-manager-software-engineer/4832/93478005424,"Camden, NJ",Not specified,,Space & Defense,"https://careers.l3harris.com/en/search-jobs?acm=61370,8684512,8684496,8684688,8684208,8687808,8696112,8684256,8690160,8684528&alrpm=ALL&ascf=[%7B%22key%22:%22ALL%22,%22value%22:%22%22%7D]"
2026-05-24,9f52775ec04a,Boeing,Senior ConOps & Architecture Engineer - Experimental Space Programs,https://jobs.boeing.com/job/seal-beach/senior-conops-and-architecture-engineer-experimental-space-programs/185/95442444256,"Seal Beach, California, United States; and other locations",Not specified,,Aerospace,https://jobs.boeing.com/
2026-05-24,a79f98355c40,Magellan Aerospace,Maintenance Technician,https://careers.magellan.aero/job/Corona-Maintenance-Technician-NY-11368/599204917,"Bohemia, NY, United States",Not specified,,Core Space,https://careers.magellan.aero/search?createNewAlert=false&q=&locationsearch=&optionsFacetsDD_department=
2026-05-24,b88abdfcfad4,L3Harris,Senior Specialist Software Engineering,https://careers.l3harris.com/en/job/waco/senior-specialist-software-engineering/4832/93956386720,"Waco, TX",Not specified,,Space & Defense,"https://careers.l3harris.com/en/search-jobs?acm=61370,8684512,8684496,8684688,8684208,8687808,8696112,8684256,8690160,8684528&alrpm=ALL&ascf=[%7B%22key%22:%22ALL%22,%22value%22:%22%22%7D]"
2026-05-24,c5b494c02616,L3Harris,Specialist Software Engineer,https://careers.l3harris.com/en/job/northampton/specialist-software-engineer/4832/94717098080,"Northampton, Massachusetts",Not specified,,Space & Defense,https://careers.l3harris.com/en
2026-05-24,f9bf26ca4c00,L3Harris,"Systems Administrator Engineering, Services Multiple Locations",https://careers.l3harris.com/en/job/mirabel/systems-administrator/4832/94558472304,"Greece, NY, United States",Not specified,,Space & Defense,https://careers.l3harris.com/en/search-jobs
