company_id,company_name,company_website,careers_url,job_title,job_url,location,department,category,date_found,source_url,status
a3c0ab6694be,Bluefors Inc.,https://bluefors.com/,https://bluefors.com/people/open-positions,,,,,Core Space,2026-05-21,https://bluefors.com/people/open-positions,js_rendered_or_unsupported
68c1e55b7e75,XMC Corp.,https://www.linkedin.com/company/the-extraterrestrial-mining-company,,,,,,Core Space,2026-05-21,https://www.linkedin.com/company/the-extraterrestrial-mining-company,js_rendered_or_unsupported
916f242c1464,A Special Metals Company Div of PCC,https://www.specialmetals.com/,https://pcctalentacquisitionportal.tal.net/vx/lang-en-GB/mobile-0/appcentre-ext/brand-7/xf-4529f9c669c1/candidate/jobboard/vacancy/3/adv?ftq=Cannon+Muskegon,NPI Technical Director (New Alloy Development and R&D Leader),https://pcctalentacquisitionportal.tal.net/vx/lang-en-GB/mobile-0/appcentre-1/brand-7/xf-c036279abb3b/candidate/so/pm/1/pl/3/opp/21739-NPI-Technical-Director-New-Alloy-Development-and-R-D-Leader/en-GB,,,Core Space,2026-05-21,https://pcctalentacquisitionportal.tal.net/vx/lang-en-GB/mobile-0/appcentre-ext/brand-7/xf-4529f9c669c1/candidate/jobboard/vacancy/3/adv?ftq=Cannon+Muskegon,success
916f242c1464,A Special Metals Company Div of PCC,https://www.specialmetals.com/,https://pcctalentacquisitionportal.tal.net/vx/lang-en-GB/mobile-0/appcentre-ext/brand-7/xf-4529f9c669c1/candidate/jobboard/vacancy/3/adv?ftq=Cannon+Muskegon,Spring 2027 Engineering Student Co-Op opening,https://pcctalentacquisitionportal.tal.net/vx/lang-en-GB/mobile-0/appcentre-1/brand-7/xf-c036279abb3b/candidate/so/pm/1/pl/3/opp/22052-Spring-2027-Engineering-Student-Co-Op-opening/en-GB,,,Core Space,2026-05-21,https://pcctalentacquisitionportal.tal.net/vx/lang-en-GB/mobile-0/appcentre-ext/brand-7/xf-4529f9c669c1/candidate/jobboard/vacancy/3/adv?ftq=Cannon+Muskegon,success
916f242c1464,A Special Metals Company Div of PCC,https://www.specialmetals.com/,https://pcctalentacquisitionportal.tal.net/vx/lang-en-GB/mobile-0/appcentre-ext/brand-7/xf-4529f9c669c1/candidate/jobboard/vacancy/3/adv?ftq=Cannon+Muskegon,Material Services Operator openings: Flagship Metals Plant,https://pcctalentacquisitionportal.tal.net/vx/lang-en-GB/mobile-0/appcentre-1/brand-7/xf-c036279abb3b/candidate/so/pm/1/pl/3/opp/22090-Material-Services-Operator-openings-Flagship-Metals-Plant/en-GB,,,Core Space,2026-05-21,https://pcctalentacquisitionportal.tal.net/vx/lang-en-GB/mobile-0/appcentre-ext/brand-7/xf-4529f9c669c1/candidate/jobboard/vacancy/3/adv?ftq=Cannon+Muskegon,success
916f242c1464,A Special Metals Company Div of PCC,https://www.specialmetals.com/,https://pcctalentacquisitionportal.tal.net/vx/lang-en-GB/mobile-0/appcentre-ext/brand-7/xf-4529f9c669c1/candidate/jobboard/vacancy/3/adv?ftq=Cannon+Muskegon,Melt Shop Production Operators,https://pcctalentacquisitionportal.tal.net/vx/lang-en-GB/mobile-0/appcentre-1/brand-7/xf-c036279abb3b/candidate/so/pm/1/pl/3/opp/22092-Melt-Shop-Production-Operators/en-GB,,,Core Space,2026-05-21,https://pcctalentacquisitionportal.tal.net/vx/lang-en-GB/mobile-0/appcentre-ext/brand-7/xf-4529f9c669c1/candidate/jobboard/vacancy/3/adv?ftq=Cannon+Muskegon,success
916f242c1464,A Special Metals Company Div of PCC,https://www.specialmetals.com/,https://pcctalentacquisitionportal.tal.net/vx/lang-en-GB/mobile-0/appcentre-ext/brand-7/xf-4529f9c669c1/candidate/jobboard/vacancy/3/adv?ftq=Cannon+Muskegon,Melt Shop Maintenance Technician openings,https://pcctalentacquisitionportal.tal.net/vx/lang-en-GB/mobile-0/appcentre-1/brand-7/xf-c036279abb3b/candidate/so/pm/1/pl/3/opp/22089-Melt-Shop-Maintenance-Technician-openings/en-GB,,,Core Space,2026-05-21,https://pcctalentacquisitionportal.tal.net/vx/lang-en-GB/mobile-0/appcentre-ext/brand-7/xf-4529f9c669c1/candidate/jobboard/vacancy/3/adv?ftq=Cannon+Muskegon,success
916f242c1464,A Special Metals Company Div of PCC,https://www.specialmetals.com/,https://pcctalentacquisitionportal.tal.net/vx/lang-en-GB/mobile-0/appcentre-ext/brand-7/xf-4529f9c669c1/candidate/jobboard/vacancy/3/adv?ftq=Cannon+Muskegon,Senior Melt Shop Operator openings: Superalloy plant!,https://pcctalentacquisitionportal.tal.net/vx/lang-en-GB/mobile-0/appcentre-1/brand-7/xf-c036279abb3b/candidate/so/pm/1/pl/3/opp/22091-Senior-Melt-Shop-Operator-openings-Superalloy-plant/en-GB,,,Core Space,2026-05-21,https://pcctalentacquisitionportal.tal.net/vx/lang-en-GB/mobile-0/appcentre-ext/brand-7/xf-4529f9c669c1/candidate/jobboard/vacancy/3/adv?ftq=Cannon+Muskegon,success
916f242c1464,A Special Metals Company Div of PCC,https://www.specialmetals.com/,https://pcctalentacquisitionportal.tal.net/vx/lang-en-GB/mobile-0/appcentre-ext/brand-7/xf-4529f9c669c1/candidate/jobboard/vacancy/3/adv?ftq=Cannon+Muskegon,Metals Plant Quality Lab Technician,https://pcctalentacquisitionportal.tal.net/vx/lang-en-GB/mobile-0/appcentre-1/brand-7/xf-c036279abb3b/candidate/so/pm/1/pl/3/opp/21605-Metals-Plant-Quality-Lab-Technician/en-GB,,,Core Space,2026-05-21,https://pcctalentacquisitionportal.tal.net/vx/lang-en-GB/mobile-0/appcentre-ext/brand-7/xf-4529f9c669c1/candidate/jobboard/vacancy/3/adv?ftq=Cannon+Muskegon,success
916f242c1464,A Special Metals Company Div of PCC,https://www.specialmetals.com/,https://pcctalentacquisitionportal.tal.net/vx/lang-en-GB/mobile-0/appcentre-ext/brand-7/xf-4529f9c669c1/candidate/jobboard/vacancy/3/adv?ftq=Cannon+Muskegon,"Mold Machine Operator A - Deer Creek (Portland, OR)",https://pcctalentacquisitionportal.tal.net/vx/lang-en-GB/mobile-0/appcentre-1/brand-7/xf-4529f9c669c1/candidate/so/pm/1/pl/3/opp/22200-Mold-Machine-Operator-A-Deer-Creek-Portland-OR/en-GB,,,Core Space,2026-05-21,https://pcctalentacquisitionportal.tal.net/vx/lang-en-GB/mobile-0/appcentre-ext/brand-7/xf-4529f9c669c1/candidate/jobboard/vacancy/3/adv,success
916f242c1464,A Special Metals Company Div of PCC,https://www.specialmetals.com/,https://pcctalentacquisitionportal.tal.net/vx/lang-en-GB/mobile-0/appcentre-ext/brand-7/xf-4529f9c669c1/candidate/jobboard/vacancy/3/adv?ftq=Cannon+Muskegon,"Shell Removal Operator - Deer Creek (Portland, OR)",https://pcctalentacquisitionportal.tal.net/vx/lang-en-GB/mobile-0/appcentre-1/brand-7/xf-4529f9c669c1/candidate/so/pm/1/pl/3/opp/22202-Shell-Removal-Operator-Deer-Creek-Portland-OR/en-GB,,,Core Space,2026-05-21,https://pcctalentacquisitionportal.tal.net/vx/lang-en-GB/mobile-0/appcentre-ext/brand-7/xf-4529f9c669c1/candidate/jobboard/vacancy/3/adv,success
916f242c1464,A Special Metals Company Div of PCC,https://www.specialmetals.com/,https://pcctalentacquisitionportal.tal.net/vx/lang-en-GB/mobile-0/appcentre-ext/brand-7/xf-4529f9c669c1/candidate/jobboard/vacancy/3/adv?ftq=Cannon+Muskegon,"Penetrant Line Operator - Deer Creek (Portland, OR)",https://pcctalentacquisitionportal.tal.net/vx/lang-en-GB/mobile-0/appcentre-1/brand-7/xf-4529f9c669c1/candidate/so/pm/1/pl/3/opp/22203-Penetrant-Line-Operator-Deer-Creek-Portland-OR/en-GB,,,Core Space,2026-05-21,https://pcctalentacquisitionportal.tal.net/vx/lang-en-GB/mobile-0/appcentre-ext/brand-7/xf-4529f9c669c1/candidate/jobboard/vacancy/3/adv,success
916f242c1464,A Special Metals Company Div of PCC,https://www.specialmetals.com/,https://pcctalentacquisitionportal.tal.net/vx/lang-en-GB/mobile-0/appcentre-ext/brand-7/xf-4529f9c669c1/candidate/jobboard/vacancy/3/adv?ftq=Cannon+Muskegon,Production Lead (INTERNAL) LPC LMA 861,https://pcctalentacquisitionportal.tal.net/vx/lang-en-GB/mobile-0/appcentre-1/brand-7/xf-4529f9c669c1/candidate/so/pm/1/pl/3/opp/22195-Production-Lead-INTERNAL-LPC-LMA-861/en-GB,,,Core Space,2026-05-21,https://pcctalentacquisitionportal.tal.net/vx/lang-en-GB/mobile-0/appcentre-ext/brand-7/xf-4529f9c669c1/candidate/jobboard/vacancy/3/adv,success
916f242c1464,A Special Metals Company Div of PCC,https://www.specialmetals.com/,https://pcctalentacquisitionportal.tal.net/vx/lang-en-GB/mobile-0/appcentre-ext/brand-7/xf-4529f9c669c1/candidate/jobboard/vacancy/3/adv?ftq=Cannon+Muskegon,Etch Line Operator,https://pcctalentacquisitionportal.tal.net/vx/lang-en-GB/mobile-0/appcentre-1/brand-7/xf-4529f9c669c1/candidate/so/pm/1/pl/3/opp/22194-Etch-Line-Operator/en-GB,,,Core Space,2026-05-21,https://pcctalentacquisitionportal.tal.net/vx/lang-en-GB/mobile-0/appcentre-ext/brand-7/xf-4529f9c669c1/candidate/jobboard/vacancy/3/adv,success
916f242c1464,A Special Metals Company Div of PCC,https://www.specialmetals.com/,https://pcctalentacquisitionportal.tal.net/vx/lang-en-GB/mobile-0/appcentre-ext/brand-7/xf-4529f9c669c1/candidate/jobboard/vacancy/3/adv?ftq=Cannon+Muskegon,CNC Machine Operator,https://pcctalentacquisitionportal.tal.net/vx/lang-en-GB/mobile-0/appcentre-1/brand-7/xf-4529f9c669c1/candidate/so/pm/1/pl/3/opp/22189-CNC-Machine-Operator/en-GB,,,Core Space,2026-05-21,https://pcctalentacquisitionportal.tal.net/vx/lang-en-GB/mobile-0/appcentre-ext/brand-7/xf-4529f9c669c1/candidate/jobboard/vacancy/3/adv,success
916f242c1464,A Special Metals Company Div of PCC,https://www.specialmetals.com/,https://pcctalentacquisitionportal.tal.net/vx/lang-en-GB/mobile-0/appcentre-ext/brand-7/xf-4529f9c669c1/candidate/jobboard/vacancy/3/adv?ftq=Cannon+Muskegon,Production Lead (3rd Shift),https://pcctalentacquisitionportal.tal.net/vx/lang-en-GB/mobile-0/appcentre-1/brand-7/xf-4529f9c669c1/candidate/so/pm/1/pl/3/opp/20157-Production-Lead-3rd-Shift/en-GB,,,Core Space,2026-05-21,https://pcctalentacquisitionportal.tal.net/vx/lang-en-GB/mobile-0/appcentre-ext/brand-7/xf-4529f9c669c1/candidate/jobboard/vacancy/3/adv,success
916f242c1464,A Special Metals Company Div of PCC,https://www.specialmetals.com/,https://pcctalentacquisitionportal.tal.net/vx/lang-en-GB/mobile-0/appcentre-ext/brand-7/xf-4529f9c669c1/candidate/jobboard/vacancy/3/adv?ftq=Cannon+Muskegon,Cap Operator (3rd shift),https://pcctalentacquisitionportal.tal.net/vx/lang-en-GB/mobile-0/appcentre-1/brand-7/xf-4529f9c669c1/candidate/so/pm/1/pl/3/opp/21823-Cap-Operator-3rd-shift/en-GB,,,Core Space,2026-05-21,https://pcctalentacquisitionportal.tal.net/vx/lang-en-GB/mobile-0/appcentre-ext/brand-7/xf-4529f9c669c1/candidate/jobboard/vacancy/3/adv,success
916f242c1464,A Special Metals Company Div of PCC,https://www.specialmetals.com/,https://pcctalentacquisitionportal.tal.net/vx/lang-en-GB/mobile-0/appcentre-ext/brand-7/xf-4529f9c669c1/candidate/jobboard/vacancy/3/adv?ftq=Cannon+Muskegon,Sr. Process Engineer - Dunkirk,https://pcctalentacquisitionportal.tal.net/vx/lang-en-GB/mobile-0/appcentre-1/brand-7/xf-4529f9c669c1/candidate/so/pm/1/pl/3/opp/22188-Sr-Process-Engineer-Dunkirk/en-GB,,,Core Space,2026-05-21,https://pcctalentacquisitionportal.tal.net/vx/lang-en-GB/mobile-0/appcentre-ext/brand-7/xf-4529f9c669c1/candidate/jobboard/vacancy/3/adv,success
916f242c1464,A Special Metals Company Div of PCC,https://www.specialmetals.com/,https://pcctalentacquisitionportal.tal.net/vx/lang-en-GB/mobile-0/appcentre-ext/brand-7/xf-4529f9c669c1/candidate/jobboard/vacancy/3/adv?ftq=Cannon+Muskegon,"Shell Operator, Day Shift (Aluminum) - Ogden, UT",https://pcctalentacquisitionportal.tal.net/vx/lang-en-GB/mobile-0/appcentre-1/brand-7/xf-4529f9c669c1/candidate/so/pm/1/pl/3/opp/22198-Shell-Operator-Day-Shift-Aluminum-Ogden-UT/en-GB,,,Core Space,2026-05-21,https://pcctalentacquisitionportal.tal.net/vx/lang-en-GB/mobile-0/appcentre-ext/brand-7/xf-4529f9c669c1/candidate/jobboard/vacancy/3/adv,success
916f242c1464,A Special Metals Company Div of PCC,https://www.specialmetals.com/,https://pcctalentacquisitionportal.tal.net/vx/lang-en-GB/mobile-0/appcentre-ext/brand-7/xf-4529f9c669c1/candidate/jobboard/vacancy/3/adv?ftq=Cannon+Muskegon,Sales Support Specialist,https://pcctalentacquisitionportal.tal.net/vx/lang-en-GB/mobile-0/appcentre-1/brand-7/xf-4529f9c669c1/candidate/so/pm/1/pl/3/opp/22181-Sales-Support-Specialist/en-GB,,,Core Space,2026-05-21,https://pcctalentacquisitionportal.tal.net/vx/lang-en-GB/mobile-0/appcentre-ext/brand-7/xf-4529f9c669c1/candidate/jobboard/vacancy/3/adv,success
916f242c1464,A Special Metals Company Div of PCC,https://www.specialmetals.com/,https://pcctalentacquisitionportal.tal.net/vx/lang-en-GB/mobile-0/appcentre-ext/brand-7/xf-4529f9c669c1/candidate/jobboard/vacancy/3/adv?ftq=Cannon+Muskegon,Shell Removal Operator SSBO,https://pcctalentacquisitionportal.tal.net/vx/lang-en-GB/mobile-0/appcentre-1/brand-7/xf-4529f9c669c1/candidate/so/pm/1/pl/3/opp/22185-Shell-Removal-Operator-SSBO/en-GB,,,Core Space,2026-05-21,https://pcctalentacquisitionportal.tal.net/vx/lang-en-GB/mobile-0/appcentre-ext/brand-7/xf-4529f9c669c1/candidate/jobboard/vacancy/3/adv,success
916f242c1464,A Special Metals Company Div of PCC,https://www.specialmetals.com/,https://pcctalentacquisitionportal.tal.net/vx/lang-en-GB/mobile-0/appcentre-ext/brand-7/xf-4529f9c669c1/candidate/jobboard/vacancy/3/adv?ftq=Cannon+Muskegon,Heat Treat & Pyrometry Engineer,https://pcctalentacquisitionportal.tal.net/vx/lang-en-GB/mobile-0/appcentre-1/brand-7/xf-4529f9c669c1/candidate/so/pm/1/pl/3/opp/22180-Heat-Treat-Pyrometry-Engineer/en-GB,,,Core Space,2026-05-21,https://pcctalentacquisitionportal.tal.net/vx/lang-en-GB/mobile-0/appcentre-ext/brand-7/xf-4529f9c669c1/candidate/jobboard/vacancy/3/adv,success
916f242c1464,A Special Metals Company Div of PCC,https://www.specialmetals.com/,https://pcctalentacquisitionportal.tal.net/vx/lang-en-GB/mobile-0/appcentre-ext/brand-7/xf-4529f9c669c1/candidate/jobboard/vacancy/3/adv?ftq=Cannon+Muskegon,NDT Technician - Level 2 (Aerospace),https://pcctalentacquisitionportal.tal.net/vx/lang-en-GB/mobile-0/appcentre-1/brand-7/xf-4529f9c669c1/candidate/so/pm/1/pl/3/opp/22179-NDT-Technician-Level-2-Aerospace/en-GB,,,Core Space,2026-05-21,https://pcctalentacquisitionportal.tal.net/vx/lang-en-GB/mobile-0/appcentre-ext/brand-7/xf-4529f9c669c1/candidate/jobboard/vacancy/3/adv,success
916f242c1464,A Special Metals Company Div of PCC,https://www.specialmetals.com/,https://pcctalentacquisitionportal.tal.net/vx/lang-en-GB/mobile-0/appcentre-ext/brand-7/xf-4529f9c669c1/candidate/jobboard/vacancy/3/adv?ftq=Cannon+Muskegon,Knockout Cutoff Operator (3rd OWW),https://pcctalentacquisitionportal.tal.net/vx/lang-en-GB/mobile-0/appcentre-1/brand-7/xf-4529f9c669c1/candidate/so/pm/1/pl/3/opp/22173-Knockout-Cutoff-Operator-3rd-OWW/en-GB,,,Core Space,2026-05-21,https://pcctalentacquisitionportal.tal.net/vx/lang-en-GB/mobile-0/appcentre-ext/brand-7/xf-4529f9c669c1/candidate/jobboard/vacancy/3/adv,success
916f242c1464,A Special Metals Company Div of PCC,https://www.specialmetals.com/,https://pcctalentacquisitionportal.tal.net/vx/lang-en-GB/mobile-0/appcentre-ext/brand-7/xf-4529f9c669c1/candidate/jobboard/vacancy/3/adv?ftq=Cannon+Muskegon,Knockout Cutoff Operator (1st OWW),https://pcctalentacquisitionportal.tal.net/vx/lang-en-GB/mobile-0/appcentre-1/brand-7/xf-4529f9c669c1/candidate/so/pm/1/pl/3/opp/22172-Knockout-Cutoff-Operator-1st-OWW/en-GB,,,Core Space,2026-05-21,https://pcctalentacquisitionportal.tal.net/vx/lang-en-GB/mobile-0/appcentre-ext/brand-7/xf-4529f9c669c1/candidate/jobboard/vacancy/3/adv,success
916f242c1464,A Special Metals Company Div of PCC,https://www.specialmetals.com/,https://pcctalentacquisitionportal.tal.net/vx/lang-en-GB/mobile-0/appcentre-ext/brand-7/xf-4529f9c669c1/candidate/jobboard/vacancy/3/adv?ftq=Cannon+Muskegon,Maintenance Technician (Night Shift),https://pcctalentacquisitionportal.tal.net/vx/lang-en-GB/mobile-0/appcentre-1/brand-7/xf-4529f9c669c1/candidate/so/pm/1/pl/3/opp/22162-Maintenance-Technician-Night-Shift/en-GB,,,Core Space,2026-05-21,https://pcctalentacquisitionportal.tal.net/vx/lang-en-GB/mobile-0/appcentre-ext/brand-7/xf-4529f9c669c1/candidate/jobboard/vacancy/3/adv,success
916f242c1464,A Special Metals Company Div of PCC,https://www.specialmetals.com/,https://pcctalentacquisitionportal.tal.net/vx/lang-en-GB/mobile-0/appcentre-ext/brand-7/xf-4529f9c669c1/candidate/jobboard/vacancy/3/adv?ftq=Cannon+Muskegon,Heat Treat Operator,https://pcctalentacquisitionportal.tal.net/vx/lang-en-GB/mobile-0/appcentre-1/brand-7/xf-4529f9c669c1/candidate/so/pm/1/pl/3/opp/22177-Heat-Treat-Operator/en-GB,,,Core Space,2026-05-21,https://pcctalentacquisitionportal.tal.net/vx/lang-en-GB/mobile-0/appcentre-ext/brand-7/xf-4529f9c669c1/candidate/jobboard/vacancy/3/adv,success
916f242c1464,A Special Metals Company Div of PCC,https://www.specialmetals.com/,https://pcctalentacquisitionportal.tal.net/vx/lang-en-GB/mobile-0/appcentre-ext/brand-7/xf-4529f9c669c1/candidate/jobboard/vacancy/3/adv?ftq=Cannon+Muskegon,Quality Manager,https://pcctalentacquisitionportal.tal.net/vx/lang-en-GB/mobile-0/appcentre-1/brand-7/xf-4529f9c669c1/candidate/so/pm/1/pl/3/opp/22163-Quality-Manager/en-GB,,,Core Space,2026-05-21,https://pcctalentacquisitionportal.tal.net/vx/lang-en-GB/mobile-0/appcentre-ext/brand-7/xf-4529f9c669c1/candidate/jobboard/vacancy/3/adv,success
916f242c1464,A Special Metals Company Div of PCC,https://www.specialmetals.com/,https://pcctalentacquisitionportal.tal.net/vx/lang-en-GB/mobile-0/appcentre-ext/brand-7/xf-4529f9c669c1/candidate/jobboard/vacancy/3/adv?ftq=Cannon+Muskegon,Grain Etch Operator (2nd Shift),https://pcctalentacquisitionportal.tal.net/vx/lang-en-GB/mobile-0/appcentre-1/brand-7/xf-4529f9c669c1/candidate/so/pm/1/pl/3/opp/22032-Grain-Etch-Operator-2nd-Shift/en-GB,,,Core Space,2026-05-21,https://pcctalentacquisitionportal.tal.net/vx/lang-en-GB/mobile-0/appcentre-ext/brand-7/xf-4529f9c669c1/candidate/jobboard/vacancy/3/adv,success
916f242c1464,A Special Metals Company Div of PCC,https://www.specialmetals.com/,https://pcctalentacquisitionportal.tal.net/vx/lang-en-GB/mobile-0/appcentre-ext/brand-7/xf-4529f9c669c1/candidate/jobboard/vacancy/3/adv?ftq=Cannon+Muskegon,Finishing Working Team Lead,https://pcctalentacquisitionportal.tal.net/vx/lang-en-GB/mobile-0/appcentre-1/brand-7/xf-4529f9c669c1/candidate/so/pm/1/pl/3/opp/22165-Finishing-Working-Team-Lead/en-GB,,,Core Space,2026-05-21,https://pcctalentacquisitionportal.tal.net/vx/lang-en-GB/mobile-0/appcentre-ext/brand-7/xf-4529f9c669c1/candidate/jobboard/vacancy/3/adv,success
916f242c1464,A Special Metals Company Div of PCC,https://www.specialmetals.com/,https://pcctalentacquisitionportal.tal.net/vx/lang-en-GB/mobile-0/appcentre-ext/brand-7/xf-4529f9c669c1/candidate/jobboard/vacancy/3/adv?ftq=Cannon+Muskegon,Operations Co-op/Intern,https://pcctalentacquisitionportal.tal.net/vx/lang-en-GB/mobile-0/appcentre-1/brand-7/xf-4529f9c669c1/candidate/so/pm/1/pl/3/opp/22160-Operations-Co-op-Intern/en-GB,,,Core Space,2026-05-21,https://pcctalentacquisitionportal.tal.net/vx/lang-en-GB/mobile-0/appcentre-ext/brand-7/xf-4529f9c669c1/candidate/jobboard/vacancy/3/adv,success
916f242c1464,A Special Metals Company Div of PCC,https://www.specialmetals.com/,https://pcctalentacquisitionportal.tal.net/vx/lang-en-GB/mobile-0/appcentre-ext/brand-7/xf-4529f9c669c1/candidate/jobboard/vacancy/3/adv?ftq=Cannon+Muskegon,Wax Assembly/ Base Making Technician - 1st Shift,https://pcctalentacquisitionportal.tal.net/vx/lang-en-GB/mobile-0/appcentre-1/brand-7/xf-4529f9c669c1/candidate/so/pm/1/pl/3/opp/22151-Wax-Assembly-Base-Making-Technician-1st-Shift/en-GB,,,Core Space,2026-05-21,https://pcctalentacquisitionportal.tal.net/vx/lang-en-GB/mobile-0/appcentre-ext/brand-7/xf-4529f9c669c1/candidate/jobboard/vacancy/3/adv,success
916f242c1464,A Special Metals Company Div of PCC,https://www.specialmetals.com/,https://pcctalentacquisitionportal.tal.net/vx/lang-en-GB/mobile-0/appcentre-ext/brand-7/xf-4529f9c669c1/candidate/jobboard/vacancy/3/adv?ftq=Cannon+Muskegon,Manufacturing Engineer,https://pcctalentacquisitionportal.tal.net/vx/lang-en-GB/mobile-0/appcentre-1/brand-7/xf-4529f9c669c1/candidate/so/pm/1/pl/3/opp/22153-Manufacturing-Engineer/en-GB,,,Core Space,2026-05-21,https://pcctalentacquisitionportal.tal.net/vx/lang-en-GB/mobile-0/appcentre-ext/brand-7/xf-4529f9c669c1/candidate/jobboard/vacancy/3/adv,success
916f242c1464,A Special Metals Company Div of PCC,https://www.specialmetals.com/,https://pcctalentacquisitionportal.tal.net/vx/lang-en-GB/mobile-0/appcentre-ext/brand-7/xf-4529f9c669c1/candidate/jobboard/vacancy/3/adv?ftq=Cannon+Muskegon,Lead Cut Off Operator (Weekends),https://pcctalentacquisitionportal.tal.net/vx/lang-en-GB/mobile-0/appcentre-1/brand-7/xf-4529f9c669c1/candidate/so/pm/1/pl/3/opp/22155-Lead-Cut-Off-Operator-Weekends/en-GB,,,Core Space,2026-05-21,https://pcctalentacquisitionportal.tal.net/vx/lang-en-GB/mobile-0/appcentre-ext/brand-7/xf-4529f9c669c1/candidate/jobboard/vacancy/3/adv,success
916f242c1464,A Special Metals Company Div of PCC,https://www.specialmetals.com/,https://pcctalentacquisitionportal.tal.net/vx/lang-en-GB/mobile-0/appcentre-ext/brand-7/xf-4529f9c669c1/candidate/jobboard/vacancy/3/adv?ftq=Cannon+Muskegon,Weekend Shift Tooling Technician,https://pcctalentacquisitionportal.tal.net/vx/lang-en-GB/mobile-0/appcentre-1/brand-7/xf-4529f9c669c1/candidate/so/pm/1/pl/3/opp/22149-Weekend-Shift-Tooling-Technician/en-GB,,,Core Space,2026-05-21,https://pcctalentacquisitionportal.tal.net/vx/lang-en-GB/mobile-0/appcentre-ext/brand-7/xf-4529f9c669c1/candidate/jobboard/vacancy/3/adv,success
916f242c1464,A Special Metals Company Div of PCC,https://www.specialmetals.com/,https://pcctalentacquisitionportal.tal.net/vx/lang-en-GB/mobile-0/appcentre-ext/brand-7/xf-4529f9c669c1/candidate/jobboard/vacancy/3/adv?ftq=Cannon+Muskegon,Second Shift Tooling Technician,https://pcctalentacquisitionportal.tal.net/vx/lang-en-GB/mobile-0/appcentre-1/brand-7/xf-4529f9c669c1/candidate/so/pm/1/pl/3/opp/22147-Second-Shift-Tooling-Technician/en-GB,,,Core Space,2026-05-21,https://pcctalentacquisitionportal.tal.net/vx/lang-en-GB/mobile-0/appcentre-ext/brand-7/xf-4529f9c669c1/candidate/jobboard/vacancy/3/adv,success
916f242c1464,A Special Metals Company Div of PCC,https://www.specialmetals.com/,https://pcctalentacquisitionportal.tal.net/vx/lang-en-GB/mobile-0/appcentre-ext/brand-7/xf-4529f9c669c1/candidate/jobboard/vacancy/3/adv?ftq=Cannon+Muskegon,Senior Financial Analyst,https://pcctalentacquisitionportal.tal.net/vx/lang-en-GB/mobile-0/appcentre-1/brand-7/xf-4529f9c669c1/candidate/so/pm/1/pl/3/opp/21540-Senior-Financial-Analyst/en-GB,,,Core Space,2026-05-21,https://pcctalentacquisitionportal.tal.net/vx/lang-en-GB/mobile-0/appcentre-ext/brand-7/xf-4529f9c669c1/candidate/jobboard/vacancy/3/adv,success
916f242c1464,A Special Metals Company Div of PCC,https://www.specialmetals.com/,https://pcctalentacquisitionportal.tal.net/vx/lang-en-GB/mobile-0/appcentre-ext/brand-7/xf-4529f9c669c1/candidate/jobboard/vacancy/3/adv?ftq=Cannon+Muskegon,Saw-Shear Operator- Level 1,https://pcctalentacquisitionportal.tal.net/vx/lang-en-GB/mobile-0/appcentre-1/brand-7/xf-4529f9c669c1/candidate/so/pm/1/pl/3/opp/22142-Saw-Shear-Operator-Level-1/en-GB,,,Core Space,2026-05-21,https://pcctalentacquisitionportal.tal.net/vx/lang-en-GB/mobile-0/appcentre-ext/brand-7/xf-4529f9c669c1/candidate/jobboard/vacancy/3/adv,success
916f242c1464,A Special Metals Company Div of PCC,https://www.specialmetals.com/,https://pcctalentacquisitionportal.tal.net/vx/lang-en-GB/mobile-0/appcentre-ext/brand-7/xf-4529f9c669c1/candidate/jobboard/vacancy/3/adv?ftq=Cannon+Muskegon,Facilities Engineering Manager SSBO,https://pcctalentacquisitionportal.tal.net/vx/lang-en-GB/mobile-0/appcentre-1/brand-7/xf-4529f9c669c1/candidate/so/pm/1/pl/3/opp/22131-Facilities-Engineering-Manager-SSBO/en-GB,,,Core Space,2026-05-21,https://pcctalentacquisitionportal.tal.net/vx/lang-en-GB/mobile-0/appcentre-ext/brand-7/xf-4529f9c669c1/candidate/jobboard/vacancy/3/adv,success
916f242c1464,A Special Metals Company Div of PCC,https://www.specialmetals.com/,https://pcctalentacquisitionportal.tal.net/vx/lang-en-GB/mobile-0/appcentre-ext/brand-7/xf-4529f9c669c1/candidate/jobboard/vacancy/3/adv?ftq=Cannon+Muskegon,Facilities Project Engineer SSBO,https://pcctalentacquisitionportal.tal.net/vx/lang-en-GB/mobile-0/appcentre-1/brand-7/xf-4529f9c669c1/candidate/so/pm/1/pl/3/opp/22138-Facilities-Project-Engineer-SSBO/en-GB,,,Core Space,2026-05-21,https://pcctalentacquisitionportal.tal.net/vx/lang-en-GB/mobile-0/appcentre-ext/brand-7/xf-4529f9c669c1/candidate/jobboard/vacancy/3/adv,success
916f242c1464,A Special Metals Company Div of PCC,https://www.specialmetals.com/,https://pcctalentacquisitionportal.tal.net/vx/lang-en-GB/mobile-0/appcentre-ext/brand-7/xf-4529f9c669c1/candidate/jobboard/vacancy/3/adv?ftq=Cannon+Muskegon,Engineering Co-Op - Spring 2027,https://pcctalentacquisitionportal.tal.net/vx/lang-en-GB/mobile-0/appcentre-1/brand-7/xf-4529f9c669c1/candidate/so/pm/1/pl/3/opp/22133-Engineering-Co-Op-Spring-2027/en-GB,,,Core Space,2026-05-21,https://pcctalentacquisitionportal.tal.net/vx/lang-en-GB/mobile-0/appcentre-ext/brand-7/xf-4529f9c669c1/candidate/jobboard/vacancy/3/adv,success
916f242c1464,A Special Metals Company Div of PCC,https://www.specialmetals.com/,https://pcctalentacquisitionportal.tal.net/vx/lang-en-GB/mobile-0/appcentre-ext/brand-7/xf-4529f9c669c1/candidate/jobboard/vacancy/3/adv?ftq=Cannon+Muskegon,Quality Engineering Co-Op - Spring 2027,https://pcctalentacquisitionportal.tal.net/vx/lang-en-GB/mobile-0/appcentre-1/brand-7/xf-4529f9c669c1/candidate/so/pm/1/pl/3/opp/22134-Quality-Engineering-Co-Op-Spring-2027/en-GB,,,Core Space,2026-05-21,https://pcctalentacquisitionportal.tal.net/vx/lang-en-GB/mobile-0/appcentre-ext/brand-7/xf-4529f9c669c1/candidate/jobboard/vacancy/3/adv,success
916f242c1464,A Special Metals Company Div of PCC,https://www.specialmetals.com/,https://pcctalentacquisitionportal.tal.net/vx/lang-en-GB/mobile-0/appcentre-ext/brand-7/xf-4529f9c669c1/candidate/jobboard/vacancy/3/adv?ftq=Cannon+Muskegon,Alloy Process Engineering Co-Op - Spring 2027,https://pcctalentacquisitionportal.tal.net/vx/lang-en-GB/mobile-0/appcentre-1/brand-7/xf-4529f9c669c1/candidate/so/pm/1/pl/3/opp/22135-Alloy-Process-Engineering-Co-Op-Spring-2027/en-GB,,,Core Space,2026-05-21,https://pcctalentacquisitionportal.tal.net/vx/lang-en-GB/mobile-0/appcentre-ext/brand-7/xf-4529f9c669c1/candidate/jobboard/vacancy/3/adv,success
916f242c1464,A Special Metals Company Div of PCC,https://www.specialmetals.com/,https://pcctalentacquisitionportal.tal.net/vx/lang-en-GB/mobile-0/appcentre-ext/brand-7/xf-4529f9c669c1/candidate/jobboard/vacancy/3/adv?ftq=Cannon+Muskegon,Facilities Engineering Co-Op - Spring 2027,https://pcctalentacquisitionportal.tal.net/vx/lang-en-GB/mobile-0/appcentre-1/brand-7/xf-4529f9c669c1/candidate/so/pm/1/pl/3/opp/22136-Facilities-Engineering-Co-Op-Spring-2027/en-GB,,,Core Space,2026-05-21,https://pcctalentacquisitionportal.tal.net/vx/lang-en-GB/mobile-0/appcentre-ext/brand-7/xf-4529f9c669c1/candidate/jobboard/vacancy/3/adv,success
916f242c1464,A Special Metals Company Div of PCC,https://www.specialmetals.com/,https://pcctalentacquisitionportal.tal.net/vx/lang-en-GB/mobile-0/appcentre-ext/brand-7/xf-4529f9c669c1/candidate/jobboard/vacancy/3/adv?ftq=Cannon+Muskegon,Trade Compliance Manager,https://pcctalentacquisitionportal.tal.net/vx/lang-en-GB/mobile-0/appcentre-1/brand-7/xf-4529f9c669c1/candidate/so/pm/1/pl/3/opp/22132-Trade-Compliance-Manager/en-GB,,,Core Space,2026-05-21,https://pcctalentacquisitionportal.tal.net/vx/lang-en-GB/mobile-0/appcentre-ext/brand-7/xf-4529f9c669c1/candidate/jobboard/vacancy/3/adv,success
916f242c1464,A Special Metals Company Div of PCC,https://www.specialmetals.com/,https://pcctalentacquisitionportal.tal.net/vx/lang-en-GB/mobile-0/appcentre-ext/brand-7/xf-4529f9c669c1/candidate/jobboard/vacancy/3/adv?ftq=Cannon+Muskegon,Investing Operator,https://pcctalentacquisitionportal.tal.net/vx/lang-en-GB/mobile-0/appcentre-1/brand-7/xf-4529f9c669c1/candidate/so/pm/1/pl/3/opp/22148-Investing-Operator/en-GB,,,Core Space,2026-05-21,https://pcctalentacquisitionportal.tal.net/vx/lang-en-GB/mobile-0/appcentre-ext/brand-7/xf-4529f9c669c1/candidate/jobboard/vacancy/3/adv,success
916f242c1464,A Special Metals Company Div of PCC,https://www.specialmetals.com/,https://pcctalentacquisitionportal.tal.net/vx/lang-en-GB/mobile-0/appcentre-ext/brand-7/xf-4529f9c669c1/candidate/jobboard/vacancy/3/adv?ftq=Cannon+Muskegon,Bench Grinder/ Deburr Operator,https://pcctalentacquisitionportal.tal.net/vx/lang-en-GB/mobile-0/appcentre-1/brand-7/xf-4529f9c669c1/candidate/so/pm/1/pl/3/opp/22126-Bench-Grinder-Deburr-Operator/en-GB,,,Core Space,2026-05-21,https://pcctalentacquisitionportal.tal.net/vx/lang-en-GB/mobile-0/appcentre-ext/brand-7/xf-4529f9c669c1/candidate/jobboard/vacancy/3/adv,success
916f242c1464,A Special Metals Company Div of PCC,https://www.specialmetals.com/,https://pcctalentacquisitionportal.tal.net/vx/lang-en-GB/mobile-0/appcentre-ext/brand-7/xf-4529f9c669c1/candidate/jobboard/vacancy/3/adv?ftq=Cannon+Muskegon,Lab Technician,https://pcctalentacquisitionportal.tal.net/vx/lang-en-GB/mobile-0/appcentre-1/brand-7/xf-4529f9c669c1/candidate/so/pm/1/pl/3/opp/22128-Lab-Technician/en-GB,,,Core Space,2026-05-21,https://pcctalentacquisitionportal.tal.net/vx/lang-en-GB/mobile-0/appcentre-ext/brand-7/xf-4529f9c669c1/candidate/jobboard/vacancy/3/adv,success
916f242c1464,A Special Metals Company Div of PCC,https://www.specialmetals.com/,https://pcctalentacquisitionportal.tal.net/vx/lang-en-GB/mobile-0/appcentre-ext/brand-7/xf-4529f9c669c1/candidate/jobboard/vacancy/3/adv?ftq=Cannon+Muskegon,Investment Operator 1st Shift Off Work Week,https://pcctalentacquisitionportal.tal.net/vx/lang-en-GB/mobile-0/appcentre-1/brand-7/xf-4529f9c669c1/candidate/so/pm/1/pl/3/opp/22001-Investment-Operator-1st-Shift-Off-Work-Week/en-GB,,,Core Space,2026-05-21,https://pcctalentacquisitionportal.tal.net/vx/lang-en-GB/mobile-0/appcentre-ext/brand-7/xf-4529f9c669c1/candidate/jobboard/vacancy/3/adv,success
916f242c1464,A Special Metals Company Div of PCC,https://www.specialmetals.com/,https://pcctalentacquisitionportal.tal.net/vx/lang-en-GB/mobile-0/appcentre-ext/brand-7/xf-4529f9c669c1/candidate/jobboard/vacancy/3/adv?ftq=Cannon+Muskegon,IT Support Specialist Level 1,https://pcctalentacquisitionportal.tal.net/vx/lang-en-GB/mobile-0/appcentre-1/brand-7/xf-4529f9c669c1/candidate/so/pm/1/pl/3/opp/22122-IT-Support-Specialist-Level-1/en-GB,,,Core Space,2026-05-21,https://pcctalentacquisitionportal.tal.net/vx/lang-en-GB/mobile-0/appcentre-ext/brand-7/xf-4529f9c669c1/candidate/jobboard/vacancy/3/adv,success
916f242c1464,A Special Metals Company Div of PCC,https://www.specialmetals.com/,https://pcctalentacquisitionportal.tal.net/vx/lang-en-GB/mobile-0/appcentre-ext/brand-7/xf-4529f9c669c1/candidate/jobboard/vacancy/3/adv?ftq=Cannon+Muskegon,Quality Engineer 1,https://pcctalentacquisitionportal.tal.net/vx/lang-en-GB/mobile-0/appcentre-1/brand-7/xf-4529f9c669c1/candidate/so/pm/1/pl/3/opp/22120-Quality-Engineer-1/en-GB,,,Core Space,2026-05-21,https://pcctalentacquisitionportal.tal.net/vx/lang-en-GB/mobile-0/appcentre-ext/brand-7/xf-4529f9c669c1/candidate/jobboard/vacancy/3/adv,success
916f242c1464,A Special Metals Company Div of PCC,https://www.specialmetals.com/,https://pcctalentacquisitionportal.tal.net/vx/lang-en-GB/mobile-0/appcentre-ext/brand-7/xf-4529f9c669c1/candidate/jobboard/vacancy/3/adv?ftq=Cannon+Muskegon,Foundry Operator (4th Shift),https://pcctalentacquisitionportal.tal.net/vx/lang-en-GB/mobile-0/appcentre-1/brand-7/xf-4529f9c669c1/candidate/so/pm/1/pl/3/opp/22119-Foundry-Operator-4th-Shift/en-GB,,,Core Space,2026-05-21,https://pcctalentacquisitionportal.tal.net/vx/lang-en-GB/mobile-0/appcentre-ext/brand-7/xf-4529f9c669c1/candidate/jobboard/vacancy/3/adv,success
916f242c1464,A Special Metals Company Div of PCC,https://www.specialmetals.com/,https://pcctalentacquisitionportal.tal.net/vx/lang-en-GB/mobile-0/appcentre-ext/brand-7/xf-4529f9c669c1/candidate/jobboard/vacancy/3/adv?ftq=Cannon+Muskegon,6S Facilities Technician - Temporary,https://pcctalentacquisitionportal.tal.net/vx/lang-en-GB/mobile-0/appcentre-1/brand-7/xf-4529f9c669c1/candidate/so/pm/1/pl/3/opp/22112-6S-Facilities-Technician-Temporary/en-GB,,,Core Space,2026-05-21,https://pcctalentacquisitionportal.tal.net/vx/lang-en-GB/mobile-0/appcentre-ext/brand-7/xf-4529f9c669c1/candidate/jobboard/vacancy/3/adv,success
916f242c1464,A Special Metals Company Div of PCC,https://www.specialmetals.com/,https://pcctalentacquisitionportal.tal.net/vx/lang-en-GB/mobile-0/appcentre-ext/brand-7/xf-4529f9c669c1/candidate/jobboard/vacancy/3/adv?ftq=Cannon+Muskegon,Operations Director,https://pcctalentacquisitionportal.tal.net/vx/lang-en-GB/mobile-0/appcentre-1/brand-7/xf-4529f9c669c1/candidate/so/pm/1/pl/3/opp/21916-Operations-Director/en-GB,,,Core Space,2026-05-21,https://pcctalentacquisitionportal.tal.net/vx/lang-en-GB/mobile-0/appcentre-ext/brand-7/xf-4529f9c669c1/candidate/jobboard/vacancy/3/adv,success
916f242c1464,A Special Metals Company Div of PCC,https://www.specialmetals.com/,https://pcctalentacquisitionportal.tal.net/vx/lang-en-GB/mobile-0/appcentre-ext/brand-7/xf-4529f9c669c1/candidate/jobboard/vacancy/3/adv?ftq=Cannon+Muskegon,Cut-Off Operator (2nd Shift),https://pcctalentacquisitionportal.tal.net/vx/lang-en-GB/mobile-0/appcentre-1/brand-7/xf-4529f9c669c1/candidate/so/pm/1/pl/3/opp/22130-Cut-Off-Operator-2nd-Shift/en-GB,,,Core Space,2026-05-21,https://pcctalentacquisitionportal.tal.net/vx/lang-en-GB/mobile-0/appcentre-ext/brand-7/xf-4529f9c669c1/candidate/jobboard/vacancy/3/adv,success
916f242c1464,A Special Metals Company Div of PCC,https://www.specialmetals.com/,https://pcctalentacquisitionportal.tal.net/vx/lang-en-GB/mobile-0/appcentre-ext/brand-7/xf-4529f9c669c1/candidate/jobboard/vacancy/3/adv?ftq=Cannon+Muskegon,Manufacturing Controls Engineer,https://pcctalentacquisitionportal.tal.net/vx/lang-en-GB/mobile-0/appcentre-1/brand-7/xf-4529f9c669c1/candidate/so/pm/1/pl/3/opp/22110-Manufacturing-Controls-Engineer/en-GB,,,Core Space,2026-05-21,https://pcctalentacquisitionportal.tal.net/vx/lang-en-GB/mobile-0/appcentre-ext/brand-7/xf-4529f9c669c1/candidate/jobboard/vacancy/3/adv,success
916f242c1464,A Special Metals Company Div of PCC,https://www.specialmetals.com/,https://pcctalentacquisitionportal.tal.net/vx/lang-en-GB/mobile-0/appcentre-ext/brand-7/xf-4529f9c669c1/candidate/jobboard/vacancy/3/adv?ftq=Cannon+Muskegon,Foundry Operator - 3rd OWW,https://pcctalentacquisitionportal.tal.net/vx/lang-en-GB/mobile-0/appcentre-1/brand-7/xf-4529f9c669c1/candidate/so/pm/1/pl/3/opp/22111-Foundry-Operator-3rd-OWW/en-GB,,,Core Space,2026-05-21,https://pcctalentacquisitionportal.tal.net/vx/lang-en-GB/mobile-0/appcentre-ext/brand-7/xf-4529f9c669c1/candidate/jobboard/vacancy/3/adv,success
916f242c1464,A Special Metals Company Div of PCC,https://www.specialmetals.com/,https://pcctalentacquisitionportal.tal.net/vx/lang-en-GB/mobile-0/appcentre-ext/brand-7/xf-4529f9c669c1/candidate/jobboard/vacancy/3/adv?ftq=Cannon+Muskegon,Mold Machine B Operator LPCS 015,https://pcctalentacquisitionportal.tal.net/vx/lang-en-GB/mobile-0/appcentre-1/brand-7/xf-4529f9c669c1/candidate/so/pm/1/pl/3/opp/22159-Mold-Machine-B-Operator-LPCS-015/en-GB,,,Core Space,2026-05-21,https://pcctalentacquisitionportal.tal.net/vx/lang-en-GB/mobile-0/appcentre-ext/brand-7/xf-4529f9c669c1/candidate/jobboard/vacancy/3/adv,success
916f242c1464,A Special Metals Company Div of PCC,https://www.specialmetals.com/,https://pcctalentacquisitionportal.tal.net/vx/lang-en-GB/mobile-0/appcentre-ext/brand-7/xf-4529f9c669c1/candidate/jobboard/vacancy/3/adv?ftq=Cannon+Muskegon,Environmental Specialist,https://pcctalentacquisitionportal.tal.net/vx/lang-en-GB/mobile-0/appcentre-1/brand-7/xf-4529f9c669c1/candidate/so/pm/1/pl/3/opp/22106-Environmental-Specialist/en-GB,,,Core Space,2026-05-21,https://pcctalentacquisitionportal.tal.net/vx/lang-en-GB/mobile-0/appcentre-ext/brand-7/xf-4529f9c669c1/candidate/jobboard/vacancy/3/adv,success
916f242c1464,A Special Metals Company Div of PCC,https://www.specialmetals.com/,https://pcctalentacquisitionportal.tal.net/vx/lang-en-GB/mobile-0/appcentre-ext/brand-7/xf-4529f9c669c1/candidate/jobboard/vacancy/3/adv?ftq=Cannon+Muskegon,Department 157 Lead SSB1,https://pcctalentacquisitionportal.tal.net/vx/lang-en-GB/mobile-0/appcentre-1/brand-7/xf-4529f9c669c1/candidate/so/pm/1/pl/3/opp/22105-Department-157-Lead-SSB1/en-GB,,,Core Space,2026-05-21,https://pcctalentacquisitionportal.tal.net/vx/lang-en-GB/mobile-0/appcentre-ext/brand-7/xf-4529f9c669c1/candidate/jobboard/vacancy/3/adv,success
916f242c1464,A Special Metals Company Div of PCC,https://www.specialmetals.com/,https://pcctalentacquisitionportal.tal.net/vx/lang-en-GB/mobile-0/appcentre-ext/brand-7/xf-4529f9c669c1/candidate/jobboard/vacancy/3/adv?ftq=Cannon+Muskegon,AI Manufacturing Engineer,https://pcctalentacquisitionportal.tal.net/vx/lang-en-GB/mobile-0/appcentre-1/brand-7/xf-4529f9c669c1/candidate/so/pm/1/pl/3/opp/22104-AI-Manufacturing-Engineer/en-GB,,,Core Space,2026-05-21,https://pcctalentacquisitionportal.tal.net/vx/lang-en-GB/mobile-0/appcentre-ext/brand-7/xf-4529f9c669c1/candidate/jobboard/vacancy/3/adv,success
916f242c1464,A Special Metals Company Div of PCC,https://www.specialmetals.com/,https://pcctalentacquisitionportal.tal.net/vx/lang-en-GB/mobile-0/appcentre-ext/brand-7/xf-4529f9c669c1/candidate/jobboard/vacancy/3/adv?ftq=Cannon+Muskegon,Operations Co-Op Intern (Blind Fasteners),https://pcctalentacquisitionportal.tal.net/vx/lang-en-GB/mobile-0/appcentre-1/brand-7/xf-4529f9c669c1/candidate/so/pm/1/pl/3/opp/22099-Operations-Co-Op-Intern-Blind-Fasteners/en-GB,,,Core Space,2026-05-21,https://pcctalentacquisitionportal.tal.net/vx/lang-en-GB/mobile-0/appcentre-ext/brand-7/xf-4529f9c669c1/candidate/jobboard/vacancy/3/adv,success
31193328f8e2,Action Machined Products,https://www.facebook.com/p/Action-Machined-Products-Inc-100063315092503,,,,,,Aerospace,2026-05-21,https://www.facebook.com/p/Action-Machined-Products-Inc-100063315092503,js_rendered_or_unsupported
eaefac184290,Adafruit Industries,https://www.adafruit.com/,https://www.adafruit.com/careers,,,,,Aerospace,2026-05-21,https://www.adafruit.com/careers,js_rendered_or_unsupported
