company_id,company_name,company_website,category,specialization,location,region,careers_url
a3c0ab6694be,Bluefors Inc.,https://bluefors.com/,Core Space,Quantum Computing & Research,Syracuse,Central NY,https://bluefors.com/people/open-positions/
a3c0ab6694be,Bluefors Inc.,https://bluefors.com/,Core Space,Quantum Computing & Research,Brooklyn,NYC,https://bluefors.com/people/open-positions/
68c1e55b7e75,XMC Corp.,https://www.linkedin.com/company/the-extraterrestrial-mining-company/,Core Space,Space Mining,Manhattan,NYC,
916f242c1464,A Special Metals Company Div of PCC,https://www.specialmetals.com/,Core Space,Aerospace Manufacturing,New Hartford,Mohawk Valley,https://pcctalentacquisitionportal.tal.net/vx/lang-en-GB/mobile-0/appcentre-ext/brand-7/xf-4529f9c669c1/candidate/jobboard/vacancy/3/adv/?ftq=Cannon+Muskegon
31193328f8e2,Action Machined Products,https://www.facebook.com/p/Action-Machined-Products-Inc-100063315092503/,Aerospace,Aerospace Manufacturing,Copiague,Long Island,
eaefac184290,Adafruit Industries,https://www.adafruit.com/,Aerospace,Electronics,Brooklyn,NYC,https://www.adafruit.com/careers
4d9582458c11,Addison Precision Manufacturing,https://addisonprec.com/,Aerospace,Aerospace Manufacturing,Gates,Finger Lakes,https://addisonprec.com/careers/
bc15dc02a0fc,Adept Engineering,https://adeptengineering.com/,Space & Defense,Aerospace Manufacturing,Glen Cove,Long Island,
e4a49a71467e,Adirondack Video Astronomy,https://www.allbiz.com/business/adirondack-video-astronomy-518-747-4141,Core Space,Space Art,Hudson Falls,Capital Region,
0fe32042e801,Advanced Atomization Technologies,https://advancedatomization.com/,Aerospace,Aerospace Manufacturing,Clyde,Finger Lakes,
e0174a2dbb33,Advanced Coatings Technology,http://www.advancedcoatingtech.com/about/,Aerospace,Aerospace Manufacturing,West Babylon,Long Island,http://www.advancedcoatingtech.com/careers/
381db965fcd8,Aero Structures Long Island,https://www.aerostructuresli.com/,Space & Defense,Aerospace Manufacturing,Westbury,Long Island,https://aerostructuresli.com/contact-2-2/
8e0243c73e7d,Aero Trades MFG,https://www.aerotrades.com/,Space & Defense,Aerospace Manufacturing,Mineola,Long Island,
bbc8ec077344,Aeroglen,https://www.aeroglen.com/,Space & Defense,Aerospace Development & Support,Ronkonkoma,Long Island,
9a1ab06ecee0,Agileview,https://www.agileview.ai/,Space & Defense,"Space Data, Artificial Intelligence",Manhattan,NYC,
3a07f40dfd8c,AI Space Factory,https://www.aispacefactory.com/,Core Space,Space Habitats,Manhattan,NYC,https://spacefactory.ai/careers
49a10cfcff0c,AIP Publishing,https://publishing.aip.org/,Core Space,Space Media,Melville,Long Island,https://job-boards.greenhouse.io/aippublishing
a6c0b754d3b2,Air Force Regional Information Directorate Services,https://www.afrl.af.mil/RI/,Space & Defense,Space Force/Military,Rome,Mohawk Valley,
4c1476d59ac3,Air Industries Group,http://www.airindustriesgroup.com/,Aerospace,Aerospace Manufacturing,Bay Shore,Long Island,
4e2941e9eefa,AirRacer,https://www.airacer.com/,Aerospace,Private Aviation,Manhattan,NYC,https://airacer.com/people/open-positions/
af981ba31e7b,Aktiwave,https://www.aktiwave.com/,Core Space,Optics & Precision Manufacturing,West Henrietta,Finger Lakes,
b94cf1e27f0a,Aljo-Gefa Precision Manufacturing,https://www.aljogefa.com/index.html,Aerospace,Aerospace Manufacturing,Bethpage,Long Island,https://aljogefa.com/job-openings
12487972220a,Alkegen,https://alkegen.com/,Core Space,Aerospace Manufacturing,Tonawanda,Western NY,https://www.alkegen.com/careers/
6708dd6eae3e,Alken Industries,https://www.alkenind.com/,Aerospace,Aerospace Manufacturing,Ronkonkoma,Long Island,
283ba407fa9b,All Tech Electronics,https://alltechelectronics.com/,Core Space,Electronics Manufacturing,Hawthorne,Mid-Hudson,https://alltechelectronics.com/about/employment/
f552226eabea,All-System Aerospace,http://www.allsystem.com/,Aerospace,Aerospace Development & Support,Holbrook,Long Island,
d9fa75e99cf0,Allied Motion Technologies,https://www.alliedmotion.com/,Space & Defense,Aerospace Manufacturing,Amherst,Western NY,https://www.alliedmotion.com/careers/
4e2a9500f1b0,Alpal Precision Machining,http://www.alpalprecision.com/home,Space & Defense,Aerospace Manufacturing,West Hempstead,Long Island,
5597f317a369,Alpha Manufacturing Group,https://alphamfgcorp.com/,Aerospace,Aerospace Manufacturing,Farmingdale,Long Island,
c56b1918e027,American Aerospace Controls,https://www.a-a-c.com/,Core Space,Space Situational Awareness,Farmingdale,Long Island,https://www.a-a-c.com/careers/
c56b1918e027,American Aerospace Controls,https://www.a-a-c.com/,Core Space,Aerospace Manufacturing,Farmingdale,Long Island,https://www.a-a-c.com/careers/
0e12aa3178f0,American Pride Fasteners,https://www.americanpridefasteners.com/,Aerospace,Aerospace Manufacturing,Bay Shore,Long Island,
75ca881a71c6,Amphenol Aerospace,https://www.amphenol-aerospace.com/,Space & Defense,Aerospace Manufacturing,Sidney,Southern Tier,
e80274697b0d,Anaren Inc/ TTM Technologies,https://www.ttm.com/,Space & Defense,Aerospace Manufacturing,East Syracuse,Central NY,https://www.ttm.com/en/careers/join-ttm-north-america/early-careers-at-ttm
2e83b047a06a,Andro Computational Solutions,https://www.androcs.com/wp/,Space & Defense,AI & Machine Learning,Rome,Mohawk Valley,https://www.androcs.com/wp/careers/
e66f32317aba,Apech Labs LLC,https://www.apechlabs.com/,Core Space,Aerospace Manufacturing,Buffalo,Western NY,https://www.apechlabs.com/careers
dc5abe4e67b4,Applied Ion Systems,https://appliedionsystems.com/,Core Space,"Launch, Rocketry, & Propulsion",Troy,Capital Region,
0c237be7f93d,Applied Visions,https://www.avi.com/,Aerospace,Space Software,Clifton Park,Capital Region,https://www.avi.com/careers/
0c237be7f93d,Applied Visions,https://www.avi.com/,Space & Defense,Satellite Software,Northport,Long Island,https://www.avi.com/careers/
6624a53041e1,Arbol,https://www.arbolmarket.com/,Core Space,Space Data,Manhattan,NYC,https://www.arbol.io/careers
d0bf20d0dc07,Archimedes Products,http://www.archimedesproducts.com/,Aerospace,Aerospace Manufacturing,Bohemia,Long Island,
f175d1dbf9b4,Aremco Products,https://www.aremco.com/,Core Space,Aerospace Manufacturing,Valley Cottage,Mid-Hudson,
405cf37b5e7d,Arkwin Industries,https://www.arkwin.com/,Space & Defense,Aerospace Manufacturing,Westbury,Long Island,https://www.arkwin.com/company/for-job-candidates/
c2cce78ce847,Arrow Electronics,https://www.arrow.com/,Core Space,Aerospace Manufacturing,Syracuse,Central NY,
c2cce78ce847,Arrow Electronics,https://www.arrow.com/,Core Space,Aerospace Manufacturing,Pittsford,Finger Lakes,
c2cce78ce847,Arrow Electronics,https://www.arrow.com/,Core Space,Aerospace Manufacturing,Islandia,Long Island,
c2cce78ce847,Arrow Electronics,https://www.arrow.com/,Core Space,Aerospace Manufacturing,Melville,Long Island,
c2cce78ce847,Arrow Electronics,https://www.arrow.com/,Core Space,Aerospace Manufacturing,Purchase,Mid-Hudson,
ea3c867388f6,Artemis Inc,https://www.artemisinc.net/,Space & Defense,Aerospace Manufacturing,Hauppauge,Long Island,
f7b8731a7e71,ASR International,https://www.asrintl.com/,Space & Defense,Space Force/Military,Hauppauge,Long Island,https://asrinternationalcorp.applytojob.com/apply/jobs/
f7b8731a7e71,ASR International Corp,http://www.asrintl.com/,Core Space,Technical Consulting & Construction,Hauppauge,Long Island,https://asrinternationalcorp.applytojob.com/apply/jobs/
6531814e7b94,Astronics Luminescent Systems,https://www.astronics.com/,Core Space,Satellite Manufacturing,East Aurora,Western NY,https://www.astronics.com/careers
94f222456f04,Astronomy Delight!,https://www.astronomydelight.com/,Core Space,Space Education,Hyde Park,Mid-Hudson,
fb338e49b137,Ausco Inc.,https://www.auscoinc.com/,Aerospace,Aerospace Manufacturing,Farmingdale,Long Island,https://auscoinc.com/career/
536313f33fff,AVS/US,https://www.adc9001.com/,Core Space,Aerospace Manufacturing,Lansing,Southern Tier,
c37c115d827b,B&B Precision Manufacturing,http://www.bbprecision.com/,Aerospace,Aerospace Manufacturing,Avon,Finger Lakes,
98690bb60966,B&H Photo & Electronics Corp,https://www.bhphotovideo.com/,Core Space,Optics,Manhattan,NYC,https://jobs.dayforcehcm.com/en-US/bav/CANDIDATEPORTAL
35075ee6a204,B&S Aircraft Alloys,https://www.bsaa.com/,Core Space,Aerospace Manufacturing,Syosset,Long Island,
fc0576ff4c36,BAE Systems,https://www.baesystems.com/en/what-we-do/future-technologies,Space & Defense,Space Force/Military,Greenlawn,Long Island,https://www.baesystems.com/people/open-positions/
fc0576ff4c36,BAE Systems,https://www.baesystems.com/en/what-we-do/future-technologies,Space & Defense,Space Force/Military,Rome,Mohawk Valley,https://www.baesystems.com/people/open-positions/
fc0576ff4c36,BAE Systems,https://www.baesystems.com/en/what-we-do/future-technologies,Space & Defense,Space Force/Military,Endicott,Southern Tier,https://www.baesystems.com/people/open-positions/
bc5be4275890,Banner Metalcraft,http://bannermetalcraft.com/,Aerospace,Aerospace Manufacturing,Ronkonkoma,Long Island,http://bannermetalcraft.com/index.php/careers/
999a871ffdd5,Beta Technologies,https://www.beta.team/,Aerospace,Aerospace Manufacturing,Plattsburgh,North Country,https://beta.team/careers
20814fe3c296,Beta Transformer Technology,https://ddc-web.com/en/beta-transformers--home,Core Space,Aerospace Manufacturing,Bohemia,Long Island,https://ddc-web.com/en/careers
fa503c4fc77a,Betatronix,https://www.betatronix.com/,Core Space,Telecommunications & Electronics,Ronkonkoma,Long Island,https://www.betatronix.com/careers
6a1ec775fd8b,BGA Test & Technology,http://bgatechnology.com/,Core Space,Aerospace Manufacturing,Holbrook,Long Island,
22536214927a,BH Aircraft,http://www.bhaircraft.com/Preview3/Home.htm,Aerospace,Aerospace Manufacturing,Ronkonkoma,Long Island,
c5a496eec377,BJG Electronics,https://www.bjgelectronics.com/,Core Space,Electronics,Ronkonkoma,Long Island,
b00ce903c871,Boeing,https://www.boeing.com/resources/boeingdotcom/government-operations/state_cards/Card_NY.pdf,Aerospace,Telecommunications & Electronics,Bohemia,Long Island,https://jobs.boeing.com/
b00ce903c871,Boeing,https://www.boeing.com/resources/boeingdotcom/government-operations/state_cards/Card_NY.pdf,Aerospace,Aerospace Manufacturing,Newburgh,Mid-Hudson,https://jobs.boeing.com/
b00ce903c871,Boeing,https://www.boeing.com/resources/boeingdotcom/government-operations/state_cards/Card_NY.pdf,Aerospace,Aerospace Manufacturing,Manhattan,NYC,https://jobs.boeing.com/
119e1a9be9fb,Botfactory,https://www.botfactory.com/,Space & Defense,Deep Space & Additive Manufacturing,Long Island City,NYC,https://www.botfactory.co/jobs
5748ccccee66,BQP,https://www.bqpsim.com/,Space & Defense,Simulation,Syracuse,Central NY,https://www.bqpsim.com/career
7ccd34953335,Bradford Space,https://www.bradford-space.com/,Core Space,Deep Space Applications,Manhattan,NYC,https://www.bradford-space.com/careers
e8a8c1b86882,Brandywine Photonics,https://brandywinephotonics.com/,Core Space,Optics & Imaging,Utica,Mohawk Valley,https://brandywinephotonics.com/careers/
2cdfe8725858,Bren-Tronics,https://www.bren-tronics.com/,Aerospace,"Robotics, Batteries, Drones",Commack,Long Island,https://jobs.enersys.com/search/?q=&q2=&alertId=&locationsearch=&title=&date=&location=commack
fe610139eb57,Breton Industries,https://bretonindustries.com/,Space & Defense,Defense Manufacturing,Amsterdam,Capital Region,
e0b9e19fc824,Brinkman Precision,http://www.brinkmanprecision.com/,Aerospace,Aerospace Manufacturing,Henrietta,Finger Lakes,https://brinkmanprecision.applicantpro.com/jobs/
47fd18cea132,Brower Propulsion Lab,https://browerproplab.com/,Core Space,Specialty Design & Production,Brooklyn,NYC,
3602e1c8dcbc,C3AI,https://c3.ai/,Space & Defense,Telecommunications & Electronics,Manhattan,NYC,https://job-boards.greenhouse.io/c3ascend
7bf8fa2643c1,Caci,https://www.caci.com/,Space & Defense,Space Data,Rome,Mohawk Valley,https://careers.caci.com/global/en
185528683174,Caen Technologies,https://www.caentechnologies.com/,Core Space,Instrumentation,Staten Island,NYC,
d3ecafe64223,Calspan Air Services,https://www.calspanairservices.com/,Aerospace,Aerospace Development & Support,Niagara Falls,Western NY,https://careers2-calspan.icims.com/
234e92c8de3f,Calspan Business Park,https://calspan.com/,Aerospace,Aerospace Development & Support,Buffalo,Western NY,https://careers-calspan.icims.com/jobs/search
1fa7b0bddf86,Camera Concepts & Telescope Solutions,https://camera-concepts.shoplightspeed.com/,Core Space,Optics & Imaging,Stony Brook,Long Island,
dfe9f00fd8e8,Canon USA Inc,https://www.usa.canon.com/about-us/canon-americas-headquarters?srsltid=AfmBOorq1oQkEdWSlsDuDZtnQrp5S1gxt-CNujf33lFdhEMg_axrzCpX,Core Space,Electronics,Melville,Long Island,
fc02411c75a4,Capy Machine Shop,https://capymachine.com/,Aerospace,Aerospace Manufacturing,Melville,Long Island,https://capymachine.com/people/open-positions/
f70a0079e151,Cellec Technologies,https://www.cellectech.com/,Core Space,Battery Technology,Henrietta,Finger Lakes,https://cellectech.com/careers
d957c5bd8c7e,Century Fasteners Corp,https://www.centuryfasteners.com/,Core Space,Satellite Manufacturing,Queens,NYC,https://www.centuryfasteners.com/company-info/employment/
55689579540d,Cerion,https://cerionnano.com/,Aerospace,Aerospace Manufacturing,Rochester,Finger Lakes,https://cerionnano.com/careers/#job-posts
33229c76b4af,Clad Metal Specialties,https://cladmetal.com/,Core Space,Aerospace/Deep Space Manufacturing,Bay Shore,Long Island,
ea42bf80d1a0,Clouds Architecture Office,https://cloudsao.com/,Core Space,Space Habitats,Manhattan,NYC,https://cloudsao.com/contact/careers
680ecd080373,Cobham Mission Systems,https://www.eaton.com/us/en-us/services/aerospace-repair-centers/orchard-park.html,Core Space,"Launch, Rocketry, & Propulsion",Orchard Park,Western NY,
14284bf23321,Collins Aerospace,https://www.collinsaerospace.com/what-we-do/Commercial-Aviation/Ground-Operations/Network-connectivity,Aerospace,Space Data,Elmont,Long Island,
4fe39027c92d,Collins Aerospace,https://www.rockwellcollins.com/,Aerospace,Flight Simulation,Binghamton,Southern Tier,
aacf42068e09,ComTech Telecommunications,https://www.comtechtel.com/,Core Space,Telecommunications & Electronics,Melville,Long Island,https://workforcenow.adp.com/mascsr/default/mdf/recruitment/recruitment.html?cid=09a14fa2-30e8-49e6-80ed-82a5812bd326&ccId=9200365399883_2&lang=en_US
fc094b767c44,Conax Technologies,https://www.conaxtechnologies.com/,Core Space,Aerospace Manufacturing,Buffalo,Western NY,
f15c96b2983b,Corning Incorporated,https://www.corning.com/worldwide/en/about-us/company-profile.html,Space & Defense,Advanced Materials & Optics,Fairport,Finger Lakes,
f15c96b2983b,Corning Incorporated,https://www.corning.com/worldwide/en/about-us/company-profile.html,Space & Defense,Advanced Materials & Optics,Canton,North Country,
f15c96b2983b,Corning Incorporated,https://www.corning.com/worldwide/en/about-us/company-profile.html,Space & Defense,Advanced Materials & Optics,Corning,Southern Tier,
0a4bd9775864,Cosgrove Aircraft Service,https://www.cosgroveaircraft.com/,Aerospace,Aerospace Development & Support,Hauppauge,Long Island,
0a4bd9775864,Cosgrove Aircraft Service,https://www.cosgroveaircraft.com/,Aerospace,Aerospace Development & Support,White Plains,Mid-Hudson,
ef2223ba4c05,Cox and Co.,https://www.coxandco.com/,Core Space,Aerospace Manufacturing & Testing,Plainview,Long Island,https://www.coxandco.com/careers.html
39076fb63b3f,CPI Aerostructures,https://www.cpiaero.com/,Aerospace,Aerospace Manufacturing,Brentwood,Long Island,https://www.cpiaero.com/careers
babc8fbe4ec9,Crover,https://www.crover.tech/,Core Space,Robotics,Geneva,Finger Lakes,
b5f6b99b7c75,CUBRC,https://www.cubrc.org/about/,Core Space,Research & Testing,Buffalo,Western NY,https://www.cubrc.org/careers/
04f71bb8d03a,Curtiss-Wright,https://www.curtisswright.com/,Space & Defense,Aerospace Manufacturing,Farmingdale,Long Island,
924f5bc02809,Custom Electronics,https://www.customelec.com/,Space & Defense,Aerospace Manufacturing,Oneonta,Mohawk Valley,https://www.customelec.com/careers-at-cei
ffed29e272f6,Daniel Inocente Architecture,https://danielinocente.com/,Core Space,Space Architecture,Manhattan,NYC,
eeaf9b22d7bd,Data Device Corporation,https://www.militaryaerospace.com/directory/communications-and-peripherals/data-buses-and-networking-high-speed-switched-fabrics/company/14117677/north-hills-signal-processing,Space & Defense,Aerospace Manufacturing,Bohemia,Long Island,
d5f5c5e3f6af,Davis Aircraft,https://davisaircraft.com/,Aerospace,Aerospace Development & Support,Bohemia,Long Island,https://davisaircraft.com/careers-at-davis/
bad1b820268a,Dawn Aerospace,https://www.dawnaerospace.com/,Core Space,Satellite Manufacturing,Manhattan,NYC,https://dawnaerospace.bamboohr.com/careers
8bd7cc18c11d,Dayton T. Brown Testing & Engineering,https://www.dtb.com/,Aerospace,Testing,Bohemia,Long Island,https://www.dtb.com/careers/
27ba73862fe8,Design/Ol Inc,http://www.design-ol.com/,Space & Defense,Aerospace Manufacturing,Port Jefferson,Long Island,http://www.design-ol.com/employment.html
f3655783a9e9,Designatronics Incorporated,https://www.designatronics.com/,Space & Defense,Satellite Manufacturing & Aerospace Manufacturing,Hicksville,Long Island,https://www.designatronics.com/careers/
f1cb1b3c9a2b,Diamond Fastners,https://www.diamondfasteners.com/,Aerospace,Aerospace Manufacturing,Hauppauge,Long Island,https://www.diamondfasteners.com/careers
f254ecd24758,Distributed Technology Group LLC,https://www.dtg.com/,Core Space,Aerospace Support & Development,Syracuse,Central NY,https://www.dtg.com/culture-careers
7c53d3c5d392,DRT Aerospace,https://www.drtaerospace.com/,Aerospace,Aerospace Manufacturing,Gates,Finger Lakes,https://drtholdingsllc.com/careers/
72eaf1a248f8,Ducommun,https://www.ducommun.com/dco/overview.aspx,Aerospace,Aerospace Manufacturing,Coxsackie,Mid-Hudson,https://www.ducommun.com/careers/CareersHome.aspx/
14047653f60e,Dyna Empire,https://dyna-empire.com/,Aerospace,Aerospace Manufacturing,Garden City,Long Island,
2dd23a3f56be,EastWest Industries,https://www.eastwestindustries.com/,Space & Defense,Aerospace Manufacturing,Ronkonkoma,Long Island,https://eastwestindustries.applicantpro.com/jobs/
e915e584746c,EB Industries,https://ebindustries.com/,Space & Defense,Aerospace Manufacturing,East Farmingdale,Long Island,https://ebindustries.com/careers/
ba37ca62f760,echo3D,https://www.echo3d.co/,Core Space,Artificial Intelligence,Manhattan,NYC,https://www.echo3d.com/about/careers
f921150c914e,Edge Electronics,https://www.edgeelectronics.com/,Aerospace,Telecommunications & Electronics,Bohemia,Long Island,https://www.edgeelectronics.com/careers/
4f4f5481be54,Edwards Vacuum,https://www.edwardsvacuum.com/en-us,Core Space,Manufacturing,Sanborn,Western NY,https://www.edwardsvacuum.com/en-us/join-us
f002fa62d167,EMA Design Automation,https://www.ema-eda.com/,Core Space,Aerospace Manufacturing,Henrietta,Finger Lakes,https://www.ema-eda.com/about/careers
0bd620474e99,Empire Fasteners,https://www.empirefastenersllc.com/,Aerospace,Aerospace Manufacturing,Queens,NYC,
94cc6fb55c66,Enertrac Corp,https://www.enertrac.net/,Core Space,Aerospace Manufacturing,Farmingdale,Long Island,https://www.enertrac.net/people/open-positions/
b0d788b8ea7e,ENSCO Avionics,https://www.ensco.com/aerospace/avionics-engineering-certification,Aerospace,Aerospace Development & Support,Endicott,Southern Tier,https://job-boards.greenhouse.io/ensco
20ad0e816bea,Epner Technology Inc.,https://www.epner.com/,Core Space,Precision Machining,Brooklyn,NYC,
28070c225d2a,Esri,https://www.esri.com/en-us/home,Core Space,Space Data,Manhattan,NYC,https://www.esri.com/en-us/about/careers/job-search
cd2122720e0c,Ex-Eltronics,https://www.exelgroup.com/,Space & Defense,Aerospace Manufacturing,Plainview,Long Island,
67ac8c443d27,Falcon Electronics,https://www.falconelec.com/,Core Space,Semiconductors & Electronics,Commack,Long Island,
212feec4471c,Final Frontier Design,https://finalfrontierdesign.com/,Core Space,Space Habitats & Habiltability,Brooklyn,NYC,
7a6e20aecc15,FJG Chemical,https://www.fjgchemical.com/,Core Space,Chemical,Baldwin Place,Mid-Hudson,
5e6b2d8a10cd,Flexim Americas,https://www.flexim.com/us,Aerospace,Aerospace Manufacturing,Brentwood,Long Island,https://www.emerson.com/en-us/careers
644439af92c0,FlightSafety International,https://www.flightsafety.com/,Space & Defense,Aerospace Development & Support,Melville,Long Island,https://jobs.flightsafety.com/locations/locations
4dcf925a964e,Floodbase,https://www.floodbase.com/,Core Space,Space Data,Brooklyn,NYC,https://job-boards.greenhouse.io/floodbase
d5f8f4901177,Fluid Mechanisms of Hauppauge,https://fluid-mech.com/,Aerospace,Aerospace Manufacturing,Hauppauge,Long Island,
05fd4fe77cf8,Forward Media,https://www.allforward.co/,Aerospace,Aerospace Media,Manhattan,NYC,
7e459c685fcc,Frequency Electronics,https://freqelec.com/,Space & Defense,Telecommunications & Electronics,Uniondale,Long Island,https://freqelec.com/careers/
3b671befe7f7,GE Aviation,https://www.geaviation.com/,Aerospace,Aerospace Manufacturing,Bohemia,Long Island,https://careers.geaerospace.com/global/en/home
9c006685bfd8,General Dynamics,https://www.gdit.com/,Core Space,Satellite Software,Rensselaer,Capital Region,https://www.gdit.com/careers/
275a2cdc6844,George Industries LLC,https://georgeindustries.com/,Core Space,Aerospace Manufacturing,Endicott,Southern Tier,https://georgeindustries.com/careers/
22f272cffdda,GI Aerospace,https://www.giaerospace.com/,Aerospace,Aerospace Development & Support,Queens,NYC,https://www.gicorp.com/careers/opportunities/
99c3e222764b,GKN Aerospace,https://www.gknaerospace.com/,Aerospace,Aerospace Manufacturing,Amityville,Long Island,
e9ab4620aec2,Global Travel Concepts,https://www.globaltravelconceptsnyc.com/,Core Space,Space Tourism,Manhattan,NYC,https://www.globaltravelconceptsnyc.com/contact/careers
49bec0e0a6f0,GNY Equipment,https://www.gnyequipment.com/,Space & Defense,Aerospace Manufacturing,Bay Shore,Long Island,https://www.gnyequipment.com/gny-aviation-swivel-joint/
c16be68a08e1,Grammatech,https://www.grammatech.com/,Space & Defense,Software Development & Security,Ithaca,Southern Tier,https://www.grammatech.com/careers/
3fe0ed67ee67,Guerilla Science,https://guerillascience.org/,Core Space,Space Education,Brooklyn,NYC,
6017b218fc20,H.L. Large Inc,http://hllarge.com/,Space & Defense,Aerospace Development & Support,Syosset,Long Island,
ccff31feb5f2,Helios,http://www.heliossensors.com/,Space & Defense,Remote Sensing,Rome,Mohawk Valley,http://www.heliossensors.com/careers/
ee02f7c0aaef,Helogen,https://helogen.com/,Core Space,Space Medicine,Brooklyn,NYC,
1dbedfd586f7,HH Technologies,http://www.hhtech.com/,Aerospace,Aerospace Manufacturing,Ronkonkoma,Long Island,
421df816943a,Hitemco,https://www.hitemco.com/,Space & Defense,Aerospace Manufacturing,Old Bethpage,Long Island,https://www.hitemco.com/careers
61cc78377617,Honeywell,https://www.honeywell.com/us/en/industries/aerospace,Aerospace,Aerospace Manufacturing,Troy,Capital Region,https://careers.honeywell.com/en/sites/Honeywell/jobs?mode=location
61cc78377617,Honeywell,https://www.honeywell.com/us/en/industries/aerospace,Aerospace,Aerospace Manufacturing,East Syracuse,Central NY,https://careers.honeywell.com/en/sites/Honeywell/jobs?mode=location
61cc78377617,Honeywell,https://www.honeywell.com/us/en/industries/aerospace,Aerospace,Aerospace Manufacturing,Plainview,Long Island,https://careers.honeywell.com/en/sites/Honeywell/jobs?mode=location
61cc78377617,Honeywell,https://www.honeywell.com/us/en/industries/aerospace,Aerospace,Aerospace Manufacturing,Buffalo,Western NY,https://careers.honeywell.com/en/sites/Honeywell/jobs?mode=location
4e819b8c8652,Howe Machine & Tool Co.,https://www.howemachine.com/,Aerospace,Aerospace Manufacturing,Bethpage,Long Island,
99d56636ff53,Howmet Aerospace,https://www.howmet.com/united-states/,Aerospace,Aerospace Manufacturing,Rochester,Finger Lakes,https://www.howmet.com/joinus/
99d56636ff53,Howmet Aerospace,https://www.howmet.com/united-states/,Aerospace,Aerospace Manufacturing,Kingston,Mid-Hudson,https://www.howmet.com/joinus/
9aece7086b18,Huntington Ingalls Industries,https://hii.com/,Space & Defense,Aerospace Manufacturing,Syracuse,Central NY,https://careers.huntingtoningalls.com/search/?q=&locationsearch=Pascagoula%2C+MS&sortColumn=referencedate&sortDirection=desc&searchby=location&d=10#hdrDate
761033bfd296,Icarus Robotics,https://www.icarusrobotics.com/,Core Space,Robotics,Brooklyn,NYC,https://www.icarusrobotics.com/careers
599b531cbfb4,Iconix,https://iconix-inc.com/index.html,Space & Defense,Aerospace Manufacturing,Hauppauge,Long Island,https://iconix-inc.com/jobs.html
fe95893a43cc,IEH Corp.,https://www.iehcorp.com/,Core Space,Electronics,Brooklyn,NYC,https://www.iehcorp.com/contact/careers
e841ed9998a2,IMR Test Labs,https://imrtest.com/,Aerospace,Aerospace Development & Support,Lansing,Southern Tier,https://imrtest.com/job-postings/
f581f0b96946,INFICON,https://www.inficon.com/en,Core Space,Manufacturing,East Syracuse,Central NY,https://www.inficon.com/en/careers/work-at-inficon/open-positions
832d29c67e41,Innovative Test Solutions (ITS),https://its-inc.com/,Core Space,Aerospace Manufacturing,Schenectady,Capital Region,https://its-inc.com/careers/
d7ea91230c2a,Innoveering,https://www.geaerospace.com/news/press-releases/other-news-information/ge-aerospace-demonstrates-hypersonic-dual-mode-ramjet,Core Space,Space & Defense Manufacturing,Ronkonkoma,Long Island,https://careers.geaerospace.com/global/en/home
d7ea91230c2a,Innoveering,https://www.geaerospace.com/news/press-releases/other-news-information/ge-aerospace-demonstrates-hypersonic-dual-mode-ramjet,Core Space,Aerospace Development & Support,Bohemia,Long Island,https://careers.geaerospace.com/global/en/home
8c29ec58e53c,iRocket,http://irocketusa.com/,Core Space,"Launch, Rocketry, & Propulsion",New Hyde Park,Long Island,
64d9022f568a,ITT Enidine,https://www.enidine.com/en-US/Home/,Space & Defense,Aerospace Manufacturing,Orchard Park,Western NY,https://careerhub-itt-inc.icims.com/jobs/intro?hashed=-625974257&mobile=false&width=1377&height=500&bga=true&needsRedirect=false&jan1offset=-300&jun1offset=-240
b807af42f066,Jamco Aerospace,http://www.jamco-aerospace.com/,Aerospace,Aerospace Manufacturing,Deer Park,Long Island,
11fc7ea7c1a4,Javin Machine Corporation,http://javinmachine.com/,Aerospace,Aerospace Manufacturing,West Babylon,Long Island,
30efaea77749,JF Machine,http://www.jfmachine.com/,Aerospace,Aerospace Manufacturing,West Bablyon,Long Island,
3730bea6fd46,JH Robotics,https://www.jhrobotics.com/aerospace-pg.html,Aerospace,Aerospace Manufacturing,Johnson City,Southern Tier,https://www.jhrobotics.com/robotic-automation-careers-pg.html
740903f077d2,Judy Perl Travel,https://www.judyperltravel.com/,Core Space,Space Tourism,Manhattan,NYC,https://www.judyperltravel.com/about/careers
45a7e613582b,Justin Electronics Inc,http://www.justinelectronics.com/,Core Space,Electronics,Hauppauge,Long Island,
38e0f0a55e0b,K.C. Electronic Distributors Inc.,https://kcelectronics.com/home,Core Space,Electronics,Setauket,Long Island,https://kcelectronics.com/people/open-positions/
1f7b9303c6b0,KAPL INC (Knolls Atomic Power Laboratory),https://navalnuclearlab.energy.gov/knolls-atomic-power-laboratory/,Space & Defense,Nuclear Engineering,Ballston Spa,Capital Region,https://navalnuclearlab.energy.gov/job-search/
28617ff23774,Kayrros,https://www.kayrros.com/,Core Space,Space Data,Manhattan,NYC,https://kayrros1.recruitee.com/
efbc45eaec25,Kepco Inc.,https://www.kepcopower.com/index.htm,Aerospace,Aerospace Manufacturing,Queens,NYC,https://www.kepcopower.com/employ/employ.htm
08344534f1d7,Kinemotive Corporation,https://www.kinemotive.com/index.shtml,Aerospace,Aerospace Manufacturing,Farmingdale,Long Island,
4524a06728d4,Knowles Capacitors,https://www.knowlescapacitors.com/,Core Space,Satellite Manufacturing,Cazenovia,Central NY,https://careers.knowles.com/?scroll_to=js-careers-jobs-block
f327978fd9d4,Konar Precision Manufacturing,http://www.konarprecision.com/,Space & Defense,Aerospace Manufacturing,Deer Park,Long Island,
25cad14d6337,L.I.T. Labs,https://www.litlab.com/,Aerospace,Aerospace Development & Support,Hauppauge,Long Island,https://www.litlab.com/
49a39e5c497b,L3Harris,https://www.l3harris.com/,Space & Defense,Telecommunications & Electronics,Greece,Finger Lakes,https://careers.l3harris.com/en
49a39e5c497b,L3Harris,https://www.l3harris.com/,Space & Defense,Telecommunications & Electronics,Greece,Finger Lakes,https://careers.l3harris.com/en
49a39e5c497b,L3Harris,https://www.l3harris.com/,Space & Defense,Telecommunications & Electronics,Greece,Finger Lakes,https://careers.l3harris.com/en
49a39e5c497b,L3Harris,https://www.l3harris.com/,Space & Defense,Telecommunications & Electronics,Gates,Finger Lakes,https://careers.l3harris.com/en
49a39e5c497b,L3Harris,https://www.l3harris.com/,Space & Defense,Telecommunications & Electronics,Gates,Finger Lakes,https://careers.l3harris.com/en
49a39e5c497b,L3Harris,https://www.l3harris.com/,Space & Defense,Telecommunications & Electronics,Henrietta,Finger Lakes,https://careers.l3harris.com/en
49a39e5c497b,L3Harris,https://www.l3harris.com/,Space & Defense,Telecommunications & Electronics,Rochester,Finger Lakes,https://careers.l3harris.com/en
49a39e5c497b,L3Harris,https://www.l3harris.com/,Space & Defense,Telecommunications & Electronics,Rochester,Finger Lakes,https://careers.l3harris.com/en
49a39e5c497b,L3Harris,https://www.l3harris.com/,Space & Defense,Telecommunications & Electronics,Amityville,Long Island,https://careers.l3harris.com/en
49a39e5c497b,L3Harris,https://www.l3harris.com/,Space & Defense,Telecommunications & Electronics,Amityville,Long Island,https://careers.l3harris.com/en
49a39e5c497b,L3Harris,https://www.l3harris.com/,Space & Defense,Telecommunications & Electronics,Rome,Mohawk Valley,https://careers.l3harris.com/en
49a39e5c497b,L3Harris,https://www.l3harris.com/,Space & Defense,Telecommunications & Electronics,Manhattan,NYC,https://careers.l3harris.com/en
e8723a7593bb,Lasticks Aerospace,https://www.lasticksaerospace.com/,Space & Defense,Aerospace Manufacturing,Bay Shore,Long Island,
fb2600c41b90,Lee Spring Company LLC,https://www.leespring.com/,Core Space,Aerospace Manufacturing,Brooklyn,NYC,https://www.leespring.com/careers
7f6161045978,Leidos,https://www.leidos.com/markets/space,Space & Defense,Space Data,Syracuse,Central NY,https://www.leidos.com/careers
e31c63ca6c01,Lesath International,https://www.lesathinternational.com/company.html,Space & Defense,"Launch, Rocketry, & Propulsion",Buffalo,Western NY,
c7487d3139c2,Linda Tool,https://www.lindatool.com/,Core Space,Aerospace Manufacturing,Brooklyn,NYC,
74dde0c63c85,Living Group LLC,https://www.living-group.com/,Core Space,Space Media,Manhattan,NYC,https://www.living-group.com/get-in-touch/join-us/
76beac4dffc2,Loar Group,https://loargroup.com/,Space & Defense,Aerospace Manufacturing,White Plains,Mid-Hudson,
b5d41f3f3457,Lockheed Martin,https://www.lockheedmartin.com/,Space & Defense,Aerospace Manufacturing,Ballston Spa,Capital Region,https://www.lockheedmartin.com/en-us/careers/index.html
b5d41f3f3457,Lockheed Martin,https://www.lockheedmartin.com/,Space & Defense,Aerospace Development & Support,Liverpool,Central NY,https://www.lockheedmartin.com/en-us/careers/index.html
b5d41f3f3457,Lockheed Martin,https://www.lockheedmartin.com/,Space & Defense,Aerospace Manufacturing,Uniondale,Long Island,https://www.lockheedmartin.com/en-us/careers/index.html
b5d41f3f3457,Lockheed Martin,https://www.lockheedmartin.com/,Space & Defense,Space Force/Military,Owego,Southern Tier,https://www.lockheedmartin.com/en-us/careers/index.html
b5d41f3f3457,Lockheed Martin,https://www.lockheedmartin.com/,Space & Defense,Aerospace Manufacturing,Buffalo,Western NY,https://www.lockheedmartin.com/en-us/careers/index.html
b5d41f3f3457,Lockheed Martin,https://www.lockheedmartin.com/,Space & Defense,Space Force/Military,Niagara Falls,Western NY,https://www.lockheedmartin.com/en-us/careers/index.html
dfe1cad10184,Lord Corporation/ Stellar Technology,https://www.stellartech.com/,Core Space,Aerospace Manufacturing,Amherst,Western NY,https://workforcenow.adp.com/mascsr/default/mdf/recruitment/recruitment.html?cid=a5cf2c89-6a40-4169-a4e6-ecdf83dcf19a&ccId=19000101_000001&type=JS&lang=en_US
6f56721ec5b5,Lourdes Industries,https://lourdesinc.com/,Space & Defense,Aerospace Manufacturing,Hauppauge,Long Island,https://lourdesinc.com/careers
4ea3ac4b3d68,Lux Semiconductors,https://www.luxsemiconductors.com/,Space & Defense,Aerospace Manufacturing,Albany,Capital Region,
fc95f2497ec5,Lynx Product Group,https://www.spire-is.com/,Core Space,Aerospace Support & Development,Wilson,Western NY,
5a145f3d4c1f,LyteLoop,https://www.lyteloop.com/,Core Space,Space Data,Great Neck,Long Island,
9ac278ae5ddf,M3 Technology,https://www.m3-tec.com/,Core Space,Aerospace Support & Development,Bellport,Long Island,https://www.m3-tec.com/careers
54107a6821ed,MACOM,https://www.macom.com/,Core Space,Satellite Manufacturing,Horseheads,Southern Tier,https://www.macom.com/about-macom/careers
54107a6821ed,MACOM,https://www.macom.com/,Core Space,Satellite Manufacturing,Ithaca,Southern Tier,https://www.macom.com/about-macom/careers
ee835297a5f7,Magellan Aerospace,https://magellan.aero/,Core Space,Satellite Manufacturing,Bohemia,Long Island,https://careers.magellan.aero/
ee835297a5f7,Magellan Aerospace,https://magellan.aero/,Core Space,Satellite Manufacturing,West Babylon,Long Island,https://careers.magellan.aero/
ee835297a5f7,Magellan Aerospace,https://magellan.aero/,Core Space,Satellite Manufacturing,Queens,NYC,https://careers.magellan.aero/
8d26f2ce5177,Marhold Space Systems,https://www.marholdspacesystems.com/home2,Core Space,Space Debris,Ballston Lake,Capital Region,
17884b2b597c,Mark 10 Corporation,https://mark-10.com/,Core Space,Aerospace Manufacturing,Copiague,Long Island,https://mark-10.com/careers/
506e06a7b657,MDI Industries,http://www.mdiindustries.com/index.html,Aerospace,Aerospace Manufacturing,Deer Park,Long Island,
c2f31e25d4c7,Mechanical Rubber,https://www.mechanicalrubber.com/,Aerospace,Aerospace Manufacturing,Warwick,Mid-Hudson,
4bb6b4159e20,Melagen Labs,https://melagenlabs.com/,Core Space,Manufacturing & Shielding,Brooklyn,NYC,
23969bd530ba,Metadure,http://www.metadure.net/wp/,Space & Defense,Space Force/Military,Farmingdale,Long Island,
57ee32b5e896,Metropolitan Aircraft Parts,https://www.metair.com/,Space & Defense,Aerospace Manufacturing,West Bablyon,Long Island,
8b63254025fa,Micro Essential Laboratory,https://www.microessentiallab.com/,Core Space,Specialty Testing,Brooklyn,NYC,
281d3eba625b,Micross Components,https://www.micross.com/,Core Space,Satellite Manufacturing,Melville,Long Island,
c67c1581a301,Mini Circuits Brooklyn,https://www.minicircuits.com/,Core Space,Aerospace Manufacturing,Brooklyn,NYC,https://jobs.jobvite.com/mini-circuits/jobs/positions
638e683a1edc,Minutemen Precision Machining & Tool,https://www.minutemenmachining.com/,Space & Defense,Aerospace Manufacturing,Ronkonkoma,Long Island,
a1a9686919fc,Mono Machines LLC/Supply Chimp,https://www.supplychimp.com/,Core Space,Aerospace Support & Development,Manhattan,NYC,https://supplychimp.bamboohr.com/careers
9153f9f6639b,Moog Space & Defense Group,https://www.moog.com/,Space & Defense,Space Force/Military,Niagara Falls,Western NY,https://moog.wd5.myworkdayjobs.com/MOOG_External_Career_Site
9153f9f6639b,Moog Space & Defense Group,https://www.moog.com/,Space & Defense,Space Force/Military,East Aurora,Western NY,https://moog.wd5.myworkdayjobs.com/MOOG_External_Career_Site
9153f9f6639b,Moog Test Engine Facility,https://www.moog.com/,Space & Defense,"Launch, Rocketry, & Propulsion",East Aurora,Western NY,https://moog.wd5.myworkdayjobs.com/MOOG_External_Career_Site
26c70eb63c7e,MSC Industrial Supply,https://www.mscdirect.com/,Core Space,Precision Machining,Melville,Long Island,https://jobs.mscdirect.com/
7fb9de1145ba,Narda-MITEQ,https://nardamiteq.com/,Core Space,Telecommunications & Electronics,Hauppauge,Long Island,https://nardamiteq.com/careers-position.php
8c45d280d0f5,Nassau Chromium Plating,https://www.nassauchrome.com/,Space & Defense,Choromium Plating,Mineola,Long Island,https://www.nassauchrome.com/careers/
2c7c9c220b5e,Nationwide Coils,https://nationwidecoils.com/,Core Space,Aerospace Manufacturing,Mt. Kisco,Mid-Hudson,
dd8e8599680c,NearSpace Labs,https://nearspacelabs.com/,Core Space,Space Data,Brooklyn,NYC,https://job-boards.greenhouse.io/nearspacelabs
5117e436de56,Nell-Joy Industries,http://www.nelljoy.com/,Aerospace,Aerospace Manufacturing,Copiague,Long Island,
c9786552ec7c,Newbrook Machine,https://www.excelco.net/,Space & Defense,Deep Space & Complex Machining,Silver Creek,Western NY,
3e3bf1bb3ca2,Night Vision Astronomy,http://www.nightvisionastronomy.com/contact/index.html,Core Space,Observational Astronomy,Pound Ridge,Mid-Hudson,
791a0695bd5b,NorcaTec,http://www.norcatec.com/index.html,Space & Defense,Aerospace Manufacturing,Garden City,Long Island,https://norcatec.com/about/careers
6a2f5abb3318,North Atlantic Industries,https://www.naii.com/,Space & Defense,Telecommunications & Electronics,Bohemia,Long Island,https://www.naii.com/Careers
a7009e3c96cb,North East Finishing Company,http://www.northeastfinishing.com/index.html,Aerospace,Aerospace Manufacturing,Copiague,Long Island,
df0d74959485,North Shore Components Inc.,https://www.northshorecomponents.com/,Core Space,Electronics & Semiconductors,Bellport,Long Island,
93ff4dd476a2,Northrop Grumman,https://www.northropgrumman.com/,Aerospace,Space Force/Military,Ronkonkoma,Long Island,https://jobs.northropgrumman.com/careers
93ff4dd476a2,Northrop Grumman,https://www.northropgrumman.com/,Aerospace,Space Force/Military,Bohemia,Long Island,https://jobs.northropgrumman.com/careers
93ff4dd476a2,Northrop Grumman,https://www.northropgrumman.com/,Aerospace,Space Force/Military,Bethpage,Long Island,https://jobs.northropgrumman.com/careers
93ff4dd476a2,Northrop Grumman,https://www.northropgrumman.com/,Aerospace,Aerospace Manufacturing,Rome,Mohawk Valley,https://jobs.northropgrumman.com/careers
93ff4dd476a2,Northrop Grumman,https://www.northropgrumman.com/,Aerospace,Aerospace Manufacturing,Manhattan,NYC,https://jobs.northropgrumman.com/careers
93ff4dd476a2,Northrop Grumman,https://www.northropgrumman.com/,Aerospace,Space Force/Military,Amherst,Western NY,https://jobs.northropgrumman.com/careers
4967f2c88fe8,Now Electronics,https://addaptny.org/company/now-electronics-inc/,Space & Defense,Telecommunications & Electronics,Huntington,Long Island,
003a5de8f0db,Ombra,https://ombra.us/,Space & Defense,Satellite Manufacturing & Communications,Potsdam,North Country,
2334f994c47a,Oneida Research Services Inc.,https://orslabs.com/,Space & Defense,Testing & Development,Whitesboro,Mohawk Valley,https://orslabs.com/about/career-opportunities/
8df7aceb0145,Opensuit,https://www.opensuit.space/,Core Space,Space Habitats & Habiltability,Brooklyn,NYC,
2b321163ee16,Optimax,https://www.optimaxsi.com/,Core Space,Optics & Imaging,Ontario,Finger Lakes,https://workforcenow.adp.com/mascsr/default/mdf/recruitment/recruitment.html?cid=0dfe1cd9-a147-4cda-846c-b9a9083395e6&ccId=19000101_000001&type=JS&lang=en_US
e67e3dc8750a,OptiPro Systems,https://www.optipro.com/,Core Space,Optics,Ontario,Finger Lakes,https://www.optipro.com/about/careers/
8707b2b84c0e,Orbital Fire,https://orbitalfire.com/,Core Space,Cybersecurity,Troy,Capital Region,
80d22602eecf,Orbital Insight/Privateer,https://www.privateer.com/,Core Space,Space Data,Manhattan,NYC,https://www.privateer.com/careers
5ba05fb6b8cb,Ormec Systems Corp,https://www.ormec.com/,Core Space,Aerospace Manufacturing,Brighton,Finger Lakes,https://allient.com/careers/open-positions/
8fa55aa903bd,Ovation Travel Group,https://www.ovationtravel.com/home,Core Space,Space Tourism,Manhattan,NYC,
733f99689ce0,Palantir,https://www.palantir.com/,Core Space,Space Data,Manhattan,NYC,https://www.palantir.com/careers/open-positions/
fef5bf323ed6,Park Aerospace,https://parkaerospace.com/,Aerospace,Aerospace Manufacturing,Westbury,Long Island,
22d32d081848,Paterson Aerospace,https://patersonaerospace.com/,Core Space,Space Debris,Rome,Mohawk Valley,
28e6b75ea99d,Pawling Engineered Products,https://www.pawlingep.com/,Core Space,Aerospace Manufacturing,Pawling,Mid-Hudson,https://www.pawlingep.com/en/careers
65ecba52fef1,Payload,https://payloadspace.com/,Core Space,Space Journalism,Jericho,Long Island,
fd068f029ab6,PCB Piezotronics,https://www.pcb.com/,Core Space,Testing & Sensor Development,Depew,Western NY,https://workforcenow.adp.com/mascsr/default/mdf/recruitment/recruitment.html?cid=59c7b8d0-6bc4-4af3-a1e6-f133756c844b&ccId=19000101_000001&type=MP&lang=en_US
1128701da56f,Peerless Aerospace,https://www.pafcorp.com/,Space & Defense,Aerospace Development & Support,Hauppauge,Long Island,
54b300121111,PGM Corp (Precision Grinding & Manufacturing),https://www.pgmcorp.com/,Core Space,Satellite Manufacturing,Rochester,Finger Lakes,https://recruiting.paylocity.com/recruiting/jobs/All/4b53477e-b8c6-47a2-b372-2aa9ad45b4b3/Precision-Grinding
fa4cf3e11c55,Phoebus Optoelectronics LLC,https://phoebusopto.com/,Core Space,Optics & Photonics,Ithaca,Southern Tier,https://www.phoebusopto.com/about/careers
439b4ad255a7,Pico Electronics Inc,https://www.picoelectronics.com/,Core Space,Electronics,Pelham,Mid-Hudson,
f31b36cf5d63,Pioneer Industries,https://www.pioneerspares.com/,Space & Defense,Space Force/Military,Farmingdale,Long Island,
a87f972a0798,PLX Inc.,https://www.plxinc.com/,Space & Defense,Optics,Deer Park,Long Island,https://www.plxinc.com/career-opportunities
1765a7250be6,Polyneme LLC,https://polyneme.xyz/,Core Space,Space Education,Manhattan,NYC,
2d8484d03cfe,Posimech,https://www.posimech.com/,Aerospace,Aerospace Manufacturing,Medford,Long Island,
b57389be192a,Potsdam Sensors/Telos Air,https://www.telosair.com/,Aerospace,Core Space,Potsdam,North Country,
20df1033c77c,Powertech Controls Company,https://www.powertechcontrols.com/,Core Space,Electronics,Ronkonkoma,Long Island,
3f8cebe6ef70,Pratt & Whitney/HMI Metal Powders,https://prattwhitney.com/products-and-services/services/hmi-metal-powders,Aerospace,Aerospace Manufacturing,Clayville,Mohawk Valley,
5f73d6e2fa58,Precious Payload,https://preciouspayload.com/,Core Space,Satellite Software,Manhattan,NYC,
740d66069439,Precipart,https://www.precipart.com/,Space & Defense,Space Force/Military,Farmingdale,Long Island,https://www.precipart.com/careers/#BDHRJobListings
86b263f59136,Precision Filters,https://pfinc.com/,Core Space,"Launch, Rocketry, & Propulsion",Ithaca,Southern Tier,https://pfinc.com/employment
c72b3a89538f,Precision Gear Overhaul & Repair,https://www.precisiongearinc.com/,Space & Defense,Aerospace Manufacturing,Queens,NYC,
0d5a3f309875,Precision Metals Corp,https://www.precisionmetalscorp.com/about/index.html,Aerospace,Aerospace Manufacturing,Bay Shore,Long Island,https://www.precisionmetalscorp.com/employment/index.html
b276d84fdca0,Premire Military Parts,https://www.premiermilitaryparts.com/,Space & Defense,Space Force/Military,Holbrook,Long Island,
36b8f29550ca,PrintParts,https://printparts.com/,Aerospace,Aerospace Manufacturing,Manhattan,NYC,
abc371c38d89,ProTravel International,https://www.protravelinc.com/,Core Space,Space Tourism,Manhattan,NYC,https://www.protravelinc.com/join-protravel
68287343ddf0,Quest Global,https://www.quest-global.com/,Space & Defense,Aerospace Manufacturing,Schenectady,Capital Region,https://careers.quest-global.com/global/en
58e6088e2c79,Ragnarok Industries,http://www.ragnarokindustries.com/working/,Core Space,Telecommunications & Electronics,Brooklyn,NYC,
dee1305df15d,Raith America,https://raith.com/,Space & Defense,Nanotechnology,Troy,Capital Region,https://raith.com/company/career/jobs/
be5904f6b8eb,Rapid Rivet & Fastener Co.,https://site.rapidrivet.com/,Aerospace,Aerospace Manufacturing,Farmingdale,Long Island,
9a272a5dd100,Raytheon Technical Services,https://www.rtx.com/,Space & Defense,Aerospace Development & Support,Watertown,North Country,https://careers.rtx.com/global/en
0197a4411659,RCM Engineering,https://rcmengineeringgroup.com/#,Aerospace,Aerospace Manufacturing,West Sayville,Long Island,https://www.rcmt.com/careers/
0197a4411659,RCM Engineering,https://rcmengineeringgroup.com/#,Aerospace,Aerospace Manufacturing,Manhattan,NYC,https://www.rcmt.com/careers/
0197a4411659,RCM Engineering,https://rcmengineeringgroup.com/#,Aerospace,Aerospace Manufacturing,Buffalo,Western NY,https://www.rcmt.com/careers/
0197a4411659,RCM Engineering,https://rcmengineeringgroup.com/#,Aerospace,Aerospace Manufacturing,Buffalo,Western NY,https://www.rcmt.com/careers/
ff05e07c6743,Reflective X-ray Optics Inc.,https://www.reflectivexrayoptics.com/,Core Space,Optics,Manhattan,NYC,
16e3bb072faa,Resilienx,https://www.resilienx.com/contact,Aerospace,Aerospace Support & Development,Syracuse,Central NY,
8f666027c469,RocketStar,https://rocketstar.nyc/,Core Space,"Launch, Rocketry, & Propulsion",Manhattan,NYC,
ad502767ca3f,Rolling Motion Industries,http://rmidrive.com/,Aerospace,Space Power,North Bablyon,Long Island,
4909ec197306,RS Precision,https://www.electricaldischargemachining.com/r-s-precision-industries-inc/,Space & Defense,Aerospace Manufacturing,Farmingdale,Long Island,
8256465ba4d6,S&L Aerospace Metals,https://www.slaerospace.com/,Space & Defense,Aerospace Manufacturing,Queens,NYC,https://www.slaerospace.com/opportunities/
430b683d3130,S3 Aerospace,http://www.s3aerospace.com/,Space & Defense,Aerospace Development & Support,Sound Beach,Long Island,
0939c3d7e29f,Saab Group,https://www.saab.com/,Space & Defense,Aerospace Development & Support,East Syracuse,Central NY,https://www.saab.com/career/job-opportunities
f03e06478cda,Safran Aerosystems,https://www.safran-group.com/companies/safran-aerosystems-oxygen,Aerospace,Aerospace Development & Support,Lancaster,Western NY,
df674ec6c0fe,SAIC,https://www.saic.com/,Space & Defense,Space Data/AI,Amherst,Western NY,https://jobs.saic.com/?bid=5081
c8995d361438,Schenck USA Corp.,https://www.schenck-usa.com/homepage.html,Aerospace,Aerospace Manufacturing,Deer Park,Long Island,https://www.schenck-usa.com/career/job-offers.html
aba83ab57708,Science Plus Inc,http://www.dirtmeister.com/,Core Space,Space Education,Bellrose,Long Island,
add1426fadc0,Scout,https://scout.space/,Core Space,Space Situational Awareness,Rochester,Finger Lakes,https://www.scout.space/careers
3ff3bb659122,Sealing Devices,https://sealingdevices.com/,Core Space,Aerospace Manufacturing,Lancaster,Western NY,https://sealingdevices.com/careers/
b04cad497732,SeanAir,https://seanair.com/,Aerospace & Defense,Aerospace Manufacturing,Farmingdale,Long Island,
b8929de833ea,Sintel Satellite Services,https://sintelsat.com/,Core Space,Telecommunications & Electronics,Plainview,Long Island,https://sintel.space/people/open-positions/
a431bf364c32,SKF Aerospace,https://www.skf.com/us,Aerospace,Aerospace Manufacturing,Falconer,Western NY,https://www.skf.com/people/open-positions/
55dfc0348c92,Skygeekcom,https://skygeek.com/,Core Space,Aerospace Support & Development,Lagrangeville,Mid-Hudson,
eb9330fcd1bb,Slooh,https://www.slooh.com/,Core Space,Space Education,Manhattan,NYC,https://www.slooh.com/about/careers
83f1f6f93744,Solid Sealing Technologies,https://www.solidsealing.com/,Space & Defense,Aerospace Manufacturing,Watervilet,Capital Region,https://www.solidsealing.com/careers/#openings
acad67964e26,Space Exploration Architecture,http://www.spacexarch.com/,Core Space,Space Habitats,Brooklyn,NYC,
03e3e559be2a,Space Rig,https://www.spacerig.io/,Core Space,"Launch, Rocketry, & Propulsion",Manhattan,NYC,https://www.spacerig.io/about/careers
0ec7091e256a,Space.com,https://www.space.com/,Core Space,Space Journalism,Manhattan,NYC,https://apply.workable.com/futureplc/
a0f8c12e798d,SpaceKnow,https://spaceknow.com/,Core Space,Space Data,Manhattan,NYC,https://spaceknow.com/careers/#positions
567e18b078b4,Specialty Silicone Products,https://www.sspinc.com/,Space & Defense,Aerospace Manufacturing,Ballston Spa,Capital Region,https://sspinc.com/careers-at-ssp/
f3e1090e1e83,Spectra Vista Corporation,https://spectravista.com/,Core Space,Optics,Poughkeepsie,Mid-Hudson,
818d78ed9501,Spectronics,https://spectroline.com/,Aerospace,Aerospace Development & Support,Melville,Long Island,https://spectroline.com/careers/
fdb04d86542a,SRI International,https://www.sri.com/,Core Space,Satellite Manufacturing,Manhattan,NYC,https://www.sri.com/careers/
676b49b932c5,Staley Co.,https://www.staleyco.com/equipment/,Space & Defense,Aerospace Manufacturing,Carmel Hamlet,Mid-Hudson,
1485df1b23c1,Star in a Star,https://starinastar.com/,Core Space,Space Education,Croton-on-Hudson,Mid-Hudson,
3acb7c49ef89,Starris-Optimax Space Systems,https://www.starris.com/,Core Space,Optics,Ontario,Finger Lakes,
b6d323ba5ad1,Stavatti Aerospace,https://stavatti.com/,Space & Defense,Space Force/Military,Niagara Falls,Western NY,https://www.stavatti.com/careers/
f6354a66aed0,Supercluster/Space Agency,https://www.supercluster.com/,Core Space,Space Journalism,Manhattan,NYC,
31ae6e30f17b,Swain Technology,https://swaintech.com/,Core Space,Aerospace Manufacturing,Scottsville,Finger Lakes,
29363e42ac76,Taber Industries,https://www.taberindustries.com/,Core Space,Aerospace Manufacturing,North Tonawanda,Western NY,
32d742a544d9,Taylor Devices,https://www.taylordevices.com/,Core Space,Aerospace Manufacturing,North Tonawanda,Western NY,
9d4237c334a8,TCT Networks,https://tct-networks.com/,Core Space,Telecommunications & Electronics,Camden,Mohawk Valley,
a80ff23cc8f8,TECT Power,https://tectpower.com/services/industries/,Aerospace,"Launch, Rocketry, & Propulsion",Utica,Mohawk Valley,
8300e86bcca2,Tek Precision,http://www.tekprecision.com/,Space & Defense,Aerospace Manufacturing,Deer Park,Long Island,
05554fe3587b,Telephonics,https://www.telephonics.com/,Aerospace,Telecommunications & Electronics,Huntington,Long Island,https://ttmtech.wd5.myworkdayjobs.com/jobs
05554fe3587b,Telephonics,https://www.telephonics.com/,Aerospace,Telecommunications & Electronics,Farmingdale,Long Island,https://ttmtech.wd5.myworkdayjobs.com/jobs
8403ccdc5728,Telodyne Lecroy,https://www.teledynelecroy.com/,Core Space,Electronics Testing,Chestnut Ridge,Mid-Hudson,https://www.teledynelecroy.com/corporate/jobs/?capid=107&mid=552
7f5aea6ccdd1,Tens Machine,https://tensmachine.com/,Aerospace,Aerospace Manufacturing,Holbrook,Long Island,
8da742dbff6c,The Deprez Group of Travel Agents,https://www.depreztravel.com/,Core Space,Space Tourism,Rochester,Finger Lakes,
16b1a00dd914,"Therm, Incorporated",https://www.therm.com/,Aerospace,Aerospace Manufacturing,Ithaca,Southern Tier,https://www.therm.com/careers/
66435e92c574,Thuro Metal Products,https://thurometal.com/,Aerospace,Aerospace Manufacturing,Brentwood,Long Island,
5346967063bb,Toptica Photonics,https://www.toptica.com/,Core Space,Optics,Pittsford,Finger Lakes,https://careers.toptica.com/candidate/jobsubscription
def5ee186af6,Tower Fasteners Co. Inc.,https://towerfast.com/,Space & Defense,Aerospace Manufacturing,Holtsville,Long Island,https://www.towerfast.com/press/post/u.s.-engineering-employment-outlook-for-2016
4b29843b6014,Tower Products Inc,https://www.towerpower.com/,Core Space,Space Media,Saugerties,Mid-Hudson,https://workforcenow.adp.com/mascsr/default/mdf/recruitment/recruitment.html?cid=fe28fb75-a52d-4364-a52e-24414934ca59&ccId=19000101_000001&lang=en_US
c637d42e4db8,TransAero,http://www.transaeroinc.com/,Space & Defense,Space Force/Military,Melville,Long Island,
befc9f26e63a,Trek Inc. (Advanced Electronics),https://www.advancedenergy.com/en-us/trek-and-monroe/,Aerospace,Electronics,Lockport,Western NY,https://jobs.advanced-energy.com/?_gl=1*lk0waq*_ga*NjQyNjM0ODUuMTczNDM3NTQ0Mg..*_ga_B8S8R8N54L*MTczNDM3NTQ0Mi4xLjEuMTczNDM3NTQ0My4wLjAuMA..
5e4796c97df8,Triplett Machine Inc,https://www.triplettmachine.com/,Core Space,Aerospace Manufacturing,Phelps,Finger Lakes,https://www.triplettmachine.com/join-our-team
10b4cdfc2e10,UE Systems,https://www.uesystems.com/,Core Space,Aerospace Support & Development,Elmsford,Mid-Hudson,https://www.uesystems.com/careers/
e0c1ef718466,Ultra Electronics,https://www.ultra.group/contact/locations/us/victor/,Aerospace,Aerospace Manufacturing,Victor,Finger Lakes,https://www.cobhamultra.com/careers
ff962e0fad2b,UltraMotion,https://www.ultramotion.com/,Aerospace,Aerospace Manufacturing,Cutchogue,Long Island,
e747d5cd6778,Unison Industries/GE Aerospace,https://www.unisonindustries.com/,Aerospace,Aerospace Manufacturing,Norwich,Southern Tier,https://careers.geaerospace.com/global/en/unison-careers
3775f7634a43,United Aircraft Technologies,https://www.uairtek.com/,Space & Defense,Aerospace Manufacturing,Troy,Capital Region,
6e1837832f95,UPS Battery Center Ltd,https://www.upsbatterycenter.com/,Core Space,Battery Technology,Tonawanda,Western NY,
63f3ed207b8f,Ursa Space Systems,https://www.ursaspace.com/,Core Space,Space Data,Ithaca,Southern Tier,
d76c01719552,US Dynamics Corp,http://www.usdynamicscorp.com/,Aerospace,Aerospace Manufacturing,Amityville,Long Island,https://www.usdynamicscorp.com/careers
8249c8cd5896,US Liberty Military Robotics,https://www.uslibertymilitaryrobotics.com/,Space & Defense,Robotics & Artificial Intelligence,Brewster,Mid-Hudson,
14284bf23321,UTC Aerospace/Collins Aerospace,https://www.collinsaerospace.com/,Aerospace,Aerospace Manufacturing,Rome,Mohawk Valley,
dd72a479830d,V J Technologies,https://vjt.com/,Core Space,3D Printing,Bohemia,Long Island,https://workforcenow.adp.com/mascsr/default/mdf/recruitment/recruitment.html?cid=91a802df-23c8-4adb-bb37-546e4c19f5a8&ccId=19000101_000001&jobId=535482&lang=en_US&source=EN
5515b89c9aa4,Valerie Wilson Travel,https://valeriewilsontravel.com/,Core Space,Space Tourism,Manhattan,NYC,https://www.valeriewilsontravel.com/join-us
4d4b0d597d03,Valvetech,https://valvetech.net/,Core Space,Aerospace Manufacturing,Phelps,Finger Lakes,https://valvetech.net/employment-opportunities/
e3d8170625a6,VegaMX,https://www.vegamx.net/,Space & Defense,Space Data,Manhattan,NYC,
05bd2dc5c8fa,Verteel,https://verteel.com/,Aerospace,Autonomous Vehicles,Manhattan,NYC,
e04ea6a314c3,Vishay Americas,https://www.vishay.com/,Core Space,Electronics Manufacturing,Niagara Falls,Western NY,https://jobs.vishay.com/jobs/
4967f2c88fe8,Vosky Precision Machining,https://addaptny.org/member-organizations/vosky-precision-machining-corp/,Aerospace,Aerospace Manufacturing,Ronkonkoma,Long Island,
965ba314681e,Wal Aerospace Machining,http://www.walmachine.com/,Aerospace,Aerospace Manufacturing,West Bablyon,Long Island,
1c2b4e10bf58,Wallaroo AI,https://wallaroo.ai/,Core Space,Artificial Intelligence,Manhattan,NYC,https://wallarooai.applytojob.com/apply
a1d15c171224,Washington Mills Electro-Minerals,https://www.washingtonmills.com/,Aerospace,Aerospace Manufacturing,Niagara Falls,Western NY,https://jobs.dayforcehcm.com/washingtonmills/CANDIDATEPORTAL
3bb7190001c3,Wayne Integrated Technologies,https://www.gowayne.com/,Aerospace,Aerospace Manufacturing,Edgewood,Long Island,
b633ee93d90e,WheelsUp,https://www.wheelsup.com/,Aerospace,Private Aviation,Manhattan,NYC,https://www.wheelsup.com/people/open-positions/
8b26a0b854d9,Wilco Industries,https://www.wilcoindustries.com/,Aerospace,Aerospace Manufacturing,Ronkonkoma,Long Island,
86a3cf7f8ec4,Yonir Technologies,https://www.yonir.com/,Space & Defense,Aerospace Manufacturing,Mt. Kisco,Mid-Hudson,
fac5da212af7,Zibiz Corporation,https://www.zibiz.com/,Core Space,Space Data,Ronkonkoma,Long Island,
d8ae3b1482c0,Zircar Ceramics,https://www.zircarceramics.com/,Aerospace,Ceramics,Florida,Mid-Hudson,
